Key,comment,ja-jp,en-us,zh-cn,zh-tw,ko-kr,es-es,ar-sa,id-id,
PluginName,Plugin Name,OBJモデル,OBJ Model,OBJ模型,OBJ模型,OBJ 모델,Modelo OBJ,نموذج OBJ,Model OBJ,
CoordinateSystem,Setting Label,座標系,Coordinate System,坐标系,座標系,좌표계,Sistema de coordenadas,نظام الإحداثيات,Sistem Koordinat,
CoordinateSystem_Desc,Setting Description,モデル読み込み時の座標軸の向きを設定します。,Sets the orientation of the coordinate axes when loading the model.,设置加载模型时的坐标轴方向。,設定載入模型時的座標軸方向。,모델 로드 시 좌표축의 방향을 설정합니다.,Establece la orientación de los ejes de coordenadas al cargar el modelo.,يحدد اتجاه محاور الإحداثيات عند تحميل النموذج.,Mengatur orientasi sumbu koordinat saat memuat model.,
CoordinateSystem_RightHandedYUp,Enum Value,右手系 Y-Up (標準),Right-Handed Y-Up (Default),右手系 Y-Up (标准),右手系 Y-Up (預設),오른손 좌표계 Y-Up (표준),Mano derecha Y-Up (Estándar),يد يمنى Y-Up (افتراضي),Tangan Kanan Y-Up (Bawaan),
CoordinateSystem_RightHandedZUp,Enum Value,右手系 Z-Up,Right-Handed Z-Up,右手系 Z-Up,右手系 Z-Up,오른손 좌표계 Z-Up,Mano derecha Z-Up,يد يمنى Z-Up,Tangan Kanan Z-Up,
CoordinateSystem_LeftHandedYUp,Enum Value,左手系 Y-Up,Left-Handed Y-Up,左手系 Y-Up,左手系 Y-Up,왼손 좌표계 Y-Up,Mano izquierda Y-Up,يد يسرى Y-Up,Tangan Kiri Y-Up,
CoordinateSystem_LeftHandedZUp,Enum Value,左手系 Z-Up,Left-Handed Z-Up,左手系 Z-Up,左手系 Z-Up,왼손 좌표계 Z-Up,Mano izquierda Z-Up,يد يسرى Z-Up,Tangan Kiri Z-Up,
CullMode,Setting Label,カリング,Culling,剔除,剔除,컬링,Recorte,إعدام,Mode Culling,
CullMode_Desc,Setting Description,描画時のカリングモードを設定します。,Sets the culling mode for rendering.,设置渲染时的剔除模式。,設定算繪時的剔除模式。,렌더링 시 컬링 모드를 설정합니다.,Establece el modo de recorte para el renderizado.,يحدد وضع الإعدام للتصيير.,Mengatur mode culling saat merender.,
CullMode_None,Enum Value,なし,None,无,無,없음,Ninguno,لا شيء,Tidak ada,
CullMode_Front,Enum Value,表面,Front,正面,正面,앞면,Frente,أمام,Depan,
CullMode_Back,Enum Value,裏面,Back,背面,背面,뒷면,Dorso,خلف,Belakang,
Group_Global,Group Title,全体設定,Global Settings,全局设置,全域設定,전체 설정,Configuración global,الإعدادات العامة,Pengaturan Global,
Group_Lighting,Group Title,ライティング,Lighting,光照,光照,조명,Iluminación,إضاءة,Pencahayaan,
AmbientColor,Setting Label,アンビエント色,Ambient Color,环境光颜色,環境光顏色,앰비언트 색상,Color ambiental,لون المحيط,Warna Ambient,
AmbientColor_Desc,Setting Description,環境光の色を設定します。,Sets the color of the ambient light.,设置环境光的颜色。,設定環境光的顏色。,환경광의 색상을 설정합니다.,Establece el color de la luz ambiental.,يحدد لون الضوء المحيط.,Mengatur warna cahaya ambient.,
DiffuseIntensity,Setting Label,拡散反射強度,Diffuse Intensity,漫反射强度,漫反射強度,확산 반사 강도,Intensidad difusa,كثافة الانتشار,Intensitas Difus,
DiffuseIntensity_Desc,Setting Description,光の拡散反射の強さを設定します。,Sets the intensity of diffuse reflection.,设置光的漫反射强度。,設定光的漫反射強度。,빛의 확산 반사 강도를 설정합니다.,Establece la intensidad de la reflexión difusa.,يحدد كثافة الانعكاس المنتشر للضوء.,Mengatur intensitas pantulan difus cahaya.,
SpecularIntensity,Setting Label,鏡面反射強度,Specular Intensity,镜面反射强度,鏡面反射強度,정반사 강도,Intensidad especular,كثافة الانعكاس,Intensitas Specular,
SpecularIntensity_Desc,Setting Description,光の鏡面反射(ハイライト)の強さを設定します。,Sets the intensity of specular reflection (highlights).,设置光的镜面反射（高光）强度。,設定光的鏡面反射（高光）強度。,빛의 정반사(하이라이트) 강도를 설정합니다.,Establece la intensidad de la reflexión especular (resaltados).,يحدد كثافة الانعكاس المرآوي (الإضاءة الساطعة).,Mengatur intensitas pantulan specular (highlight).,
Shininess,Setting Label,光沢度,Shininess,光泽度,光澤度,광택도,Brillo,لمعان,Shininess,
Shininess_Desc,Setting Description,ハイライトの鋭さを設定します。値が大きいほど鋭くなります。,Sets the sharpness of highlights. Higher values mean sharper highlights.,设置高光的锐度。值越大越銳利。,設定高光的銳利度。値越大越銳利。,하이라이트의 선명도를 설정합니다. 값이 클수록 선명해집니다.,Establece la nitidez de los resaltados. Los valores más altos significan resaltados más nítidos.,يحدد حدة الإضاءة الساطعة. القيم الأعلى تعني إضاءة أكثر حدة.,Mengatur ketajaman highlight. Nilai lebih tinggi membuat lebih tajam.,
Group_Environment,Group Title,環境,Environment,环境,環境,환경,Entorno,بيئة,Lingkungan,
LightColor,Setting Label,ライト色,Light Color,光源颜色,光源顏色,조명 색상,Color de la luz,لون الضوء,Warna Cahaya,
LightColor_Desc,Setting Description,光源の色を設定します。,Sets the color of the light source.,设置光源的颜色。,設定光源的顏色。,광원의 색상을 설정합니다.,Establece el color de la fuente de luz.,يحدد لون مصدر الضوء.,Mengatur warna sumber cahaya.,
ResetDefaults,Button Label,初期値に戻す,Reset to Defaults,恢复默认值,恢復預設值,기본값으로 복원,Restablecer valores predeterminados,إعادة تعيين الافتراضيات,Kembalikan ke Default,
OK,Button Label,OK,OK,确定,確定,확인,Aceptar,موافق,OK,
Cancel,Button Label,キャンセル,Cancel,取消,取消,취소,Cancelar,إلغاء,Batal,
Group_Model,Group Title,モデル,Model,模型,模型,모델,Modelo,نموذج,Model,
Setting,Setting Label,設定,Settings,设置,設定,설정,Configuración,إعدادات,Pengaturan,
File,Setting Label,ファイル,File,文件,檔案,파일,Archivo,ملف,File,
File_Desc,Setting Description,読み込む3Dモデルファイルを指定します。(obj, pmx, stl, glb, ply, 3mf),Specifies the 3D model file to load. (obj, pmx, stl, glb, ply, 3mf),指定要加载的3D模型文件。(obj, pmx, stl, glb, ply, 3mf),指定要載入的3D模型檔案。(obj, pmx, stl, glb, ply, 3mf),로드할 3D 모델 파일을 지정합니다. (obj, pmx, stl, glb, ply, 3mf),Especifica el archivo de modelo 3D a cargar. (obj, pmx, stl, glb, ply, 3mf),يحدد ملف النموذج ثلاثي الأبعاد للتحميل. (obj, pmx, stl, glb, ply, 3mf),Menentukan file model 3D yang akan dimuat. (obj, pmx, stl, glb, ply, 3mf),
BaseColor,Setting Label,基本色,Base Color,基本色,基本色,기본 색상,Color base,اللون الأساسي,Warna Dasar,
Projection,Setting Label,投影方法,Projection,投影方法,投影方法,투영 방법,Proyección,إسقاط,Proyeksi,
Group_Display,Group Title,表示,Display,显示,顯示,표시,Visualización,عرض,Tampilan,
ScreenWidth,Setting Label,画面幅,Screen Width,屏幕宽度,螢幕寬度,화면 너비,Ancho de pantalla,عرض الشاشة,Lebar Layar,
ScreenHeight,Setting Label,画面高さ,Screen Height,屏幕高度,螢幕高度,화면 높이,Altura de pantalla,ارتفاع الشاشة,Tinggi Layar,
Group_Placement,Group Title,配置,Placement,配置,配置,배치,Colocación,توضيع,Penempatan,
X,Setting Label,位置 X,Position X,位置 X,位置 X,위치 X,Posición X,الموضع س,Posisi X,
Y,Setting Label,位置 Y,Position Y,位置 Y,位置 Y,위치 Y,Posición Y,الموضع ص,Posisi Y,
Z,Setting Label,位置 Z,Position Z,位置 Z,位置 Z,위치 Z,Posición Z,الموضع ع,Posisi Z,
Fov,Setting Label,視野角,Field of View,视野角,視野角,시야각,Campo de visión,مجال الرؤية,Sudut Pandang,
Scale,Setting Label,スケール,Scale,缩放,縮放,배율,Escala,مقياس,Skala,
RotationX,Setting Label,回転 X,Rotation X,旋转 X,旋轉 X,회전 X,Rotación X,تدوير س,Rotasi X,
RotationY,Setting Label,回転 Y,Rotation Y,旋转 Y,旋轉 Y,회전 Y,Rotación Y,تدوير ص,Rotasi Y,
RotationZ,Setting Label,回転 Z,Rotation Z,旋轉 Z,回転 Z,회전 Z,Rotación Z,تدوير ع,Rotasi Z,
ResetTrigger,Setting Label,リセット,Reset,重置,重置,재설정,Restablecer,إعادة تعيين,Reset,
Group_Light,Group Title,ライト,Light,灯光,燈光,조명,Luz,ضوء,Lampu,
IsLightEnabled,Setting Label,有効,Enabled,启用,啟用,활성화,Habilitado,ممكن,Diaktifkan,
LightX,Setting Label,位置 X,Position X,位置 X,位置 X,위치 X,Posición X,الموضع س,Posisi X,
LightY,Setting Label,位置 Y,Position Y,位置 Y,位置 Y,위치 Y,Posición Y,الموضع ص,Posisi Y,
LightZ,Setting Label,位置 Z,Position Z,位置 Z,位置 Z,위치 Z,Posición Z,الموضع ع,Posisi Z,
Projection_Parallel,Enum Value,平行投影,Parallel Projection,平行投影,平行投影,평행 투영,Proyección paralela,إسقاط متوازي,Proyeksi Paralel,
Projection_Perspective,Enum Value,透視投影,Perspective Projection,透视投影,透視投影,원근 투영,Proyección en perspectiva,إسقاط منظوري,Proyeksi Perspektif,
ResetTransform,Button Content,変形をリセット,Reset Transform,重置变形,重置變形,변형 재설정,Restablecer transformación,إعادة تعيين التحويل,Reset Transform,
SettingsTitle,Window Title,設定,Settings,设置,設定,설정,Configuración,إعدادات,Pengaturan,
On,Boolean Value,On,On,开,開,켜짐,Encendido,تشغيل,Nyala,
Off,Boolean Value,Off,Off,关,關,꺼짐,Apagado,إيقاف,Mati,
UpdateAvailableTitle,Message Box Title,アップデート利用可能,Update Available,更新可用,更新可用,업데이트 가능,Actualización disponible,تحديث متاح,Pembaruan Tersedia,
UpdateAvailableMessage,Message Box Text,新しいバージョン ({0}) が利用可能です。ダウンロードページを開きますか？,A new version ({0}) is available. Do you want to open the download page?,新版本 ({0}) 可用。是否打开下载页面？,新版本 ({0}) 可用。是否打開下載頁面？,새 버전 ({0})을 사용할 수 있습니다. 다운로드 페이지를 여시겠습니까?,Hay una nueva versión ({0}) disponible. ¿Desea abrir la página de descarga?,يتوفر إصدار جديد ({0}). هل تريد فتح صفحة التنزيل؟,Versi baru ({0}) tersedia. Buka halaman unduhan?,
DracoNotSupported,DracoNotSupported,Draco圧縮されたファイルには対応していません,Draco compression is not supported,Draco compression is not supported,Draco compression is not supported,Draco compression is not supported,Draco compression is not supported,Draco compression is not supported,Kompresi Draco tidak didukung,
WorldId,Setting Label,ワールドID,World ID,世界ID,世界ID,월드 ID,ID de mundo,معرف العالم,ID Dunia,
CameraSettings,Window Title,カメラ設定,Camera Settings,相机设置,相機設定,카메라 설정,Configuración de la cámara,إعدادات الكاميرا,Pengaturan Kamera,
OpenCameraWindow,Button Label,カメラ位置設定,Camera Position,相机位置,相機位置,카메라 위치,Posición de la cámara,موضع الكاميرا,Posisi Kamera,
Grid,CheckBox Label,グリッド,Grid,网格,網格,그리드,Cuadrícula,شبكة,Grid,
ResetCamera,Button Label,カメラリセット,Reset Camera,重置相机,重置相機,카메라 재설정,Restablecer cámara,إعادة تعيين الكاميرا,Reset Kamera,
CameraPos,Group Title,カメラ位置,Camera Position,相机位置,相機位置,카메라 위치,Posición de la cámara,موضع الكاميرا,Posisi Kamera,
CameraTarget,Group Title,注視点,Target,目标,目標,목표,Objetivo,الهدف,Target,
ViewRight,Label,右 (Right),Right,右,右,우,Derecha,حق,Kanan,
ViewLeft,Label,左 (Left),Left,左,左,좌,Izquierda,اليسار,Kiri,
ViewTop,Label,上 (Top),Top,上,上,상,Arriba,أعلى,Atas,
ViewBottom,Label,下 (Bottom),Bottom,下,下,하,Abajo,أسفل,Bawah,
ViewFront,Label,前 (Front),Front,前,前,전,Frente,أمامي,Depan,
ViewBack,Label,後 (Back),Back,后,後,후,Atrás,خلف,Belakang,
CornerFRT,Button Label,前右上,Front Right Top,前右上,前右上,전우상,Frente Derecha Arriba,الجبهة اليمنى العليا,Depan Kanan Atas,
CornerFLT,Button Label,前左上,Front Left Top,前左上,前左上,전좌상,Frente Izquierda Arriba,الجبهة اليسرى العليا,Depan Kiri Atas,
CornerBRT,Button Label,後右上,Back Right Top,后右上,後右上,후우상,Atrás Derecha Arriba,الخلفية اليمنى العليا,Belakang Kanan Atas,
CornerBLT,Button Label,後左上,Back Left Top,后左上,後左上,후좌상,Atrás Izquierda Arriba,الخلفية اليسرى العليا,Belakang Kiri Atas,
CornerFRB,Button Label,前右下,Front Right Bottom,前右下,前右下,전우하,Frente Derecha Abajo,الجبهة اليمنى السفلى,Depan Kanan Bawah,
CornerFLB,Button Label,前左下,Front Left Bottom,前左下,前左下,전좌하,Frente Izquierda Abajo,الجبهة اليسرى السفلى,Depan Kiri Bawah,
CornerBRB,Button Label,後右下,Back Right Bottom,后右下,後右下,후우하,Atrás Derecha Abajo,الخلفية اليمنى السفلى,Belakang Kanan Bawah,
CornerBLB,Button Label,後左下,Back Left Bottom,后左下,後左下,후좌하,Atrás Izquierda Abajo,الخلفية اليسرى السفلى,Belakang Kiri Bawah,
PilotView,Button Label,パイロット視点,Pilot View,飞行员视角,飛行員視角,파일럿 시점,Vista de piloto,وجهة نظر الطيار,Tampilan Pilot,
Wireframe,Button Label,ワイヤーフレーム,Wireframe,线框,線框,와이어프레임,Estructura de alambre,إطار سلكي,Wireframe,
Snap,CheckBox Label,スナップ,Snap,吸附,吸附,스냅,Ajuste,العض,Snap,
Focus,Button Label,フォーカス (F),Focus (F),聚焦 (F),聚焦 (F),초점 (F),Enfoque (F),التركيز (F),Fokus (F),
Undo,Button Label,元に戻す,Undo,撤销,復原,실행 취소,Deshacer,تراجع,Urungkan,
Redo,Button Label,やり直し,Redo,重做,重做,다시 실행,Rehacer,إعادة,Ulangi,
Solid,Enum Value,ソリッド,Solid,实体,實體,솔리드,Sólido,صلب,Padat,
Flat,Enum Value,フラット,Flat,平坦,平坦,플랫,Plano,مسطح,Datar,
DisplayMode,Setting Label,表示モード,Display Mode,显示模式,顯示模式,표시 모드,Modo de visualización,وضع العرض,Mode Tampilan,
InfiniteGrid,CheckBox Label,無限グリッド,Infinite Grid,无限网格,無限網格,무한 그리드,Cuadrícula infinita,شبكة لا نهائية,Grid Tak Terbatas,
TargetFixed,Label,固定,Fixed,固定,固定,고정,Fijo,ثابت,Tetap,
Timeline_Play,Play,再生,再生,再生,再生,Mainkan,Reproducir,شغل,Putar,
Timeline_Pause,Pause,一時停止,暂停,暫停,일시 정지,Jeda,Pausa,إيقاف مؤقت,Jeda,
Timeline_Stop,Stop,停止,停止,停止,정지,Berhenti,Detener,قف,Berhenti,
Timeline_AddKey,Add Key,キー追加,添加关键帧,添加關鍵幀,키 추가,Tambahkan bingkai utama,Añadir fotograma clave,إضافة إطار رئيسي,Tambah Keyframe,
Timeline_RemoveKey,Remove Key,キー削除,删除关键帧,刪除關鍵幀,키 삭제,Hapus bingkai utama,Eliminar fotograma clave,إزالة الإطار الرئيسي,Hapus Keyframe,
Timeline_Easing,Easing,イージング,缓动,緩動,이징,Easing,Atenuación,تخفيف,Easing,
Timeline_Time,Time,時間,时间,時間,시간,Waktu,Tiempo,وقت,Waktu,
Timeline_Duration,Duration,長さ,时长,長度,길이,Durasi,Duración,المدة الزمنية,Durasi,
Timeline_Seconds,s,秒,秒,秒,초,s,s,ث,s,
Timeline_Play,Play,再生,再生,再生,再生,Mainkan,Reproducir,شغل,Putar,
Timeline_Pause,Pause,一時停止,暂停,暫停,일시 정지,Jeda,Pausa,إيقاف مؤقت,Jeda,
Timeline_Stop,Stop,停止,停止,停止,정지,Berhenti,Detener,قف,Berhenti,
Timeline_AddKey,Add Key,キー追加,添加关键帧,添加關鍵幀,키 추가,Tambahkan bingkai utama,Añadir fotograma clave,إضافة إطار رئيسي,Tambah Keyframe,
Timeline_RemoveKey,Remove Key,キー削除,删除关键帧,刪除關鍵幀,키 삭제,Hapus bingkai utama,Eliminar fotograma clave,إزالة الإطار الرئيسي,Hapus Keyframe,
Timeline_Easing,Easing,イージング,缓动,緩動,이징,Easing,Atenuación,تخفيف,Easing,
Timeline_Time,Time,時間,时间,時間,시간,Waktu,Tiempo,وقت,Waktu,
Timeline_Duration,Duration,長さ,时长,長度,길이,Durasi,Duración,المدة الزمنية,Durasi,
Timeline_Seconds,s,秒,秒,秒,초,s,s,ث,s,
Preset_Save,Save Preset,プリセット保存,保存预设,保存預設,프리셋 저장,Simpan Preset,Guardar ajuste preestablecido,حفظ الإعداد المسبق,Simpan Preset,
Preset_Delete,Delete Preset,プリセット削除,删除预设,刪除預設,프리셋 삭제,Hapus Preset,Eliminar ajuste preestablecido,حذف الإعداد المسبق,Hapus Preset,
Dialog_Name,Name,名前,名称,名稱,이름,Nama,Nombre,اسم,Nama,
Dialog_Ok,OK,OK,确定,確定,확인,OK,Aceptar,موافق,OK,
Dialog_Cancel,Cancel,キャンセル,取消,取消,취소,Batal,Cancelar,إلغاء,Batal,
Editor_ResetView,Reset View,初期位置,重置视图,重置視圖,뷰 초기화,Reset Tampilan,Restablecer vista,إعادة تعيين العرض,Reset Tampilan,
Easing_Linear,Easing Name,リニア,Linear,线性,線性,선형,Lineal,خطي,Linear,
Easing_SineIn,Easing Name,サイン (In),Sine In,正弦 (In),正弦 (In),사인 (In),Seno In,جيب (In),Sine In,
Easing_SineOut,Easing Name,サイン (Out),Sine Out,正弦 (Out),正弦 (Out),사인 (Out),Seno Out,جيب (Out),Sine Out,
Easing_SineInOut,Easing Name,サイン (InOut),Sine InOut,正弦 (InOut),正弦 (InOut),사인 (InOut),Seno InOut,جيب (InOut),Sine InOut,
Easing_QuadIn,Easing Name,クアッド (In),Quad In,二次 (In),二次 (In),쿼드 (In),Quad In,رباعي (In),Quad In,
Easing_QuadOut,Easing Name,クアッド (Out),Quad Out,二次 (Out),二次 (Out),쿼드 (Out),Quad Out,رباعي (Out),Quad Out,
Easing_QuadInOut,Easing Name,クアッド (InOut),Quad InOut,二次 (InOut),二次 (InOut),쿼드 (InOut),Quad InOut,رباعي (InOut),Quad InOut,
Easing_CubicIn,Easing Name,キュービック (In),Cubic In,三次 (In),三次 (In),큐빅 (In),Cúbico In,مكعب (In),Cubic In,
Easing_CubicOut,Easing Name,キュービック (Out),Cubic Out,三次 (Out),三次 (Out),큐빅 (Out),Cúbico Out,مكعب (Out),Cubic Out,
Easing_CubicInOut,Easing Name,キュービック (InOut),Cubic InOut,三次 (InOut),三次 (InOut),큐빅 (InOut),Cúbico InOut,مكعب (InOut),Cubic InOut,
Easing_QuartIn,Easing Name,クオート (In),Quart In,四次 (In),四次 (In),쿼트 (In),Quart In,الرابعة (In),Quart In,
Easing_QuartOut,Easing Name,クオート (Out),Quart Out,四次 (Out),四次 (Out),쿼트 (Out),Quart Out,الرابعة (Out),Quart Out,
Easing_QuartInOut,Easing Name,クオート (InOut),Quart InOut,四次 (InOut),四次 (InOut),쿼트 (InOut),Quart InOut,الرابعة (InOut),Quart InOut,
Easing_QuintIn,Easing Name,クイント (In),Quint In,五次 (In),五次 (In),퀸트 (In),Quint In,الخامسة (In),Quint In,
Easing_QuintOut,Easing Name,クイント (Out),Quint Out,五次 (Out),五次 (Out),퀸트 (Out),Quint Out,الخامسة (Out),Quint Out,
Easing_QuintInOut,Easing Name,クイント (InOut),Quint InOut,五次 (InOut),五次 (InOut),퀸트 (InOut),Quint InOut,الخامسة (InOut),Quint InOut,
Easing_ExpoIn,Easing Name,エクスポ (In),Expo In,指数 (In),指數 (In),엑스포 (In),Expo In,إكسبو (In),Expo In,
Easing_ExpoOut,Easing Name,エクスポ (Out),Expo Out,指数 (Out),指數 (Out),엑스포 (Out),Expo Out,إكسبو (Out),Expo Out,
Easing_ExpoInOut,Easing Name,エクスポ (InOut),Expo InOut,指数 (InOut),指數 (InOut),엑스포 (InOut),Expo InOut,إكسبو (InOut),Expo InOut,
Easing_CircIn,Easing Name,サークル (In),Circ In,圆形 (In),圓形 (In),서클 (In),Circ In,دائري (In),Circ In,
Easing_CircOut,Easing Name,サークル (Out),Circ Out,圆形 (Out),圓形 (Out),서클 (Out),Circ Out,دائري (Out),Circ Out,
Easing_CircInOut,Easing Name,サークル (InOut),Circ InOut,圆形 (InOut),圓形 (InOut),서클 (InOut),Circ InOut,دائري (InOut),Circ InOut,
Easing_BackIn,Easing Name,バック (In),Back In,回退 (In),回退 (In),백 (In),Back In,عودة (In),Back In,
Easing_BackOut,Easing Name,バック (Out),Back Out,回退 (Out),回退 (Out),백 (Out),Back Out,عودة (Out),Back Out,
Easing_BackInOut,Easing Name,バック (InOut),Back InOut,回退 (InOut),回退 (InOut),백 (InOut),Back InOut,عودة (InOut),Back InOut,
Preset_Standard,Preset Type,標準,Standard,标准,標準,표준,Estándar,قياسي,Standar,
Preset_Custom,Preset Type,カスタム,Custom,自定义,自定義,사용자 지정,Personalizado,مخصص,Kustom,
Shader,Setting Label,シェーダー,Shader,着色器,著色器,셰이더,Sombreador,مظلل,Shader,
Shader_Desc,Setting Description,読み込むシェーダーファイルを指定します。(hlsl, fx, shader, cg, glsl, vert, frag, txt),Specifies the shader file to load. (hlsl, fx, shader, cg, glsl, vert, frag, txt),指定要加载的着色器文件。(hlsl, fx, shader, cg, glsl, vert, frag, txt),指定要載入的著色器檔案。(hlsl, fx, shader, cg, glsl, vert, frag, txt),로드할 셰이더 파일을 지정합니다. (hlsl, fx, shader, cg, glsl, vert, frag, txt),Especifica el archivo de sombreador a cargar. (hlsl, fx, shader, cg, glsl, vert, frag, txt),يحدد ملف التظليل للتحميل. (hlsl, fx, shader, cg, glsl, vert, frag, txt),Menentukan file shader yang akan dimuat. (hlsl, fx, shader, cg, glsl, vert, frag, txt),
Shader_Status_Success,Message,コンパイル成功,Compilation Success,编译成功,編譯成功,컴파일 성공,Compilación exitosa,نجاح التحويل البرمجي,Kompilasi Berhasil,
Shader_Status_Error,Message,コンパイルエラー: {0},Compile Error: {0},编译错误: {0},編譯錯誤: {0},컴파일 오류: {0},Error de compilación: {0},خطأ في التحويل البرمجي: {0},Kesalahan kompilasi: {0},
Shader_Status_Unknown,Message,未確認,Unknown,未知,未知,알 수 없음,Desconocido,مجهول,Tidak diketahui,
Shader_None,Setting Label,無効,None,无,無,없음,Ninguno,لا شيء,Tidak ada,
Group_Toon,Toon Shader,アニメ調,Toon,卡通,卡通,툰,Toon,تون,Toon,
ToonEnabled,Enable Toon,アニメ調を有効にする,Enable Toon,启用卡通,啟用卡通,툰 활성화,Habilitar Toon,تمكين تون,Aktifkan Toon,
ToonEnabled_Desc,Setting Description,影のグラデーションを段階的にしてアニメのような見た目にします。,Enables toon shading.,启用卡通着色。,啟用卡通著色。,툰 셰이딩을 활성화합니다.,Habilita el sombreado toon.,يمكّن تظليل تون.,Mengaktifkan toon shading.,
ToonSteps,Steps,色の段階数,Steps,色阶数,色階數,단계 수,Pasos,خطوات,Langkah,
ToonSteps_Desc,Setting Description,影の色の段階数を設定します。数値が小さいほどはっきりとしたアニメ調になります。,Sets the number of color bands.,设置色阶数量。,設定色階數量。,색상 단계 수를 설정합니다.,Establece el número de bandas de color.,يحدد عدد نطاقات الألوان.,Mengatur jumlah tingkatan warna. Nilai kecil membuat tampilan lebih kartun.,
ToonSmoothness,Smoothness,境界のぼかし,Smoothness,平滑度,平滑度,매끄러움,Suavidad,نعومة,Kelancaran,
ToonSmoothness_Desc,Setting Description,色の境界をどのくらいぼかすかを設定します。,Sets the smoothness of the color bands boundaries.,设置色阶边界的平滑度。,設定色階邊界的平滑度。,색상 단계 경계의 부드러움을 설정합니다.,Establece la suavidad de los límites de las bandas de color.,يحدد نعومة حدود نطاقات الألوان.,Mengatur seberapa halus batas tingkatan warna.,
Group_Rim,Rim Light,輪郭光,Rim Light,边缘光,邊緣光,림 라이트,Luz de borde,ضوء الحافة,Rim Light,
RimEnabled,Enable Rim,輪郭光を有効にする,Enable Rim,启用边缘光,啟用邊緣光,림 라이트 활성화,Habilitar borde,تمكين الحافة,Aktifkan Rim,
RimEnabled_Desc,Setting Description,モデルの縁に光を追加して立体感を強調します。,Enables rim lighting.,启用边缘光。,啟用邊緣光。,림 라이트를 활성화합니다.,Habilita la iluminación de borde.,يمكّن إضاءة الحافة.,Menambahkan cahaya di tepi model untuk menonjolkan bentuk.,
RimColor,Color,光の色,Rim Color,边缘光颜色,邊緣光顏色,림 색상,Color de borde,لون الحافة,Warna Rim,
RimColor_Desc,Setting Description,輪郭光の色を設定します。,Sets the color of the rim light.,设置边缘光的颜色。,設定邊緣光的顏色。,림 라이트의 색상을 설정합니다.,Establece el color de la luz de borde.,يحدد لون ضوء الحافة.,Mengatur warna rim light.,
RimIntensity,Intensity,光の強さ,Intensity,强度,強度,강도,Intensidad,كثافة,Intensitas,
RimIntensity_Desc,Setting Description,輪郭光の明るさを設定します。,Sets the intensity of the rim light.,设置边缘光的强度。,設定邊緣光的強度。,림 라이트의 강도를 설정합니다.,Establece la intensidad de la luz de borde.,يحدد كثافة ضوء الحافة.,Mengatur kecerahan rim light.,
RimPower,Power,光の範囲,Power,锐度,銳度,선명도,Potencia,قوة,Kekuatan,
RimPower_Desc,Setting Description,輪郭光が入る範囲の広さを設定します。,Sets the sharpness of the rim light.,设置边缘光的锐度。,設定邊緣光的銳利度。,림 라이트의 선명도를 설정합니다.,Establece la nitidez de la luz de borde.,يحدد حدة ضوء الحافة.,Mengatur ketajaman rim light.,
Group_Outline,Outline,輪郭線,Outline,轮廓,輪廓,윤곽선,Contorno,مخطط تفصيلي,Outline,
OutlineEnabled,Enable Outline,輪郭線を有効にする,Enable Outline,启用轮廓,啟用輪廓,윤곽선 활성화,Habilitar contorno,تمكين المخطط التفصيلي,Aktifkan Outline,
OutlineEnabled_Desc,Setting Description,モデルの内側の境界に線を描画します。,Enables outline rendering.,启用轮廓渲染。,啟用輪廓算繪。,윤곽선 렌더링을 활성화합니다.,Habilita la renderización de contornos.,يمكّن تصيير المخطط التفصيلي.,Menggambar garis di batas dalam model.,
OutlineColor,Color,線の色,Outline Color,轮廓颜色,輪廓顏色,윤곽선 색상,Color de contorno,لون المخطط التفصيلي,Warna Outline,
OutlineColor_Desc,Setting Description,輪郭線の色を設定します。,Sets the color of the outline.,设置轮廓的颜色。,設定輪廓的顏色。,윤곽선의 색상을 설정합니다.,Establece el color del contorno.,يحدد لون المخطط التفصيلي.,Mengatur warna outline.,
OutlineWidth,Width,線の太さ,Width,宽度,寬度,두께,Ancho,عرض,Lebar Garis,
OutlineWidth_Desc,Setting Description,輪郭線の太さ（判定の広さ）を設定します。,Sets the width of the outline.,设置轮廓的宽度。,設定輪廓的寬度。,윤곽선의 두께를 설정합니다.,Establece el ancho del contorno.,يحدد عرض المخطط التفصيلي.,Mengatur ketebalan garis outline.,
OutlinePower,Power,線のくっきり度,Threshold,阈值,閾值,임계값,Umbral,عتبة,Ambang,
OutlinePower_Desc,Setting Description,輪郭線の境界をどれくらいはっきりさせるかを設定します。,Sets the threshold for outline detection.,设置轮廓检测的阈值。,設定輪廓檢測的閾值。,윤곽선 감지 임계값을 설정합니다.,Establece el umbral para la detección de contornos.,يحدد عتبة اكتشاف المخطط التفصيلي.,Mengatur seberapa jelas batas outline.,
Group_Fog,Fog,距離フォグ,Fog,雾,霧,안개,Niebla,ضباب,Kabut,
FogEnabled,Enable Fog,距離フォグを有効にする,Enable Fog,启用雾,啟用霧,안개 활성화,Habilitar niebla,تمكين الضباب,Aktifkan Kabut,
FogEnabled_Desc,Setting Description,カメラからの距離に応じて色を混ぜ、奥行きを出します。,Enables fog effect.,启用雾效。,啟用霧效。,안개 효과를 활성화합니다.,Habilita el efecto de niebla.,يمكّن تأثير الضباب.,Mengaktifkan efek kabut.,
FogColor,Color,フォグの色,Fog Color,雾颜色,霧顏色,안개 색상,Color de niebla,لون الضباب,Warna Kabut,
FogColor_Desc,Setting Description,遠くに見える霧の色を設定します。,Sets the color of the fog.,设置雾的颜色。,設定霧的顏色。,안개 색상을 설정합니다.,Establece el color de la niebla.,يحدد لون الضباب.,Mengatur warna kabut.,
FogStart,Start,開始距離,Start,开始距离,開始距離,시작 거리,Inicio,بداية,Mulai,
FogStart_Desc,Setting Description,フォグがかかり始めるカメラからの距離を設定します。,Sets the distance where fog starts.,设置雾开始的距离。,設定霧開始的距離。,안개가 시작되는 거리를 설정합니다.,Establece la distancia donde comienza la niebla.,يحدد المسافة التي يبدأ عندها الضباب.,Mengatur jarak mulai kabut dari kamera.,
FogEnd,End,最大距離,End,结束距离,結束距離,종료 거리,Fin,نهاية,Akhir,
FogEnd_Desc,Setting Description,フォグが完全に濃くなる距離を設定します。,Sets the distance where fog is completely opaque.,设置雾完全不透明的距离。,設定霧完全不透明的距離。,안개가 완전히 불투명해지는 거리를 설정합니다.,Establece la distancia donde la niebla es completamente opaca.,يحدد المسافة التي يكون فيها الضباب معتمًا تمامًا.,Mengatur jarak di mana kabut sepenuhnya pekat.,
FogDensity,Density,濃さ,Density,密度,密度,밀도,Densidad,كثافة,Kepadatan,
FogDensity_Desc,Setting Description,フォグの濃さを調整します。,Sets the density of the fog.,设置雾的密度。,設定霧的密度。,안개의 밀도를 설정합니다.,Establece la densidad de la niebla.,يحدد كثافة الضباب.,Mengatur kepadatan kabut.,
Group_PostEffect,Effects,画面効果,Effects,特效,特效,효과,Efectos,تأثيرات,Efek,
Saturation,Saturation,鮮やかさ,Saturation,饱和度,飽和度,채도,Saturación,تشبع,Saturasi,
Saturation_Desc,Setting Description,色の鮮やかさを調整します。0で白黒になります。,Adjusts the color saturation.,调整色彩饱和度。,調整色彩飽和度。,채도를 조정합니다.,Ajusta la saturación del color.,يضبط تشبع اللون.,Mengatur saturasi warna. 0 menjadi hitam putih.,
Contrast,Contrast,コントラスト,Contrast,对比度,對比度,대비,Contraste,تباين,Kontras,
Contrast_Desc,Setting Description,明るい所と暗い所の差を調整します。,Adjusts the contrast.,调整对比度。,調整對比度。,대비를 조정합니다.,Ajusta el contraste.,يضبط التباين.,Mengatur kontras.,
Gamma,Gamma,ガンマ補正,Gamma,伽马,伽馬,감마,Gamma,غاما,Gamma,
Gamma_Desc,Setting Description,中間色の明るさを調整します。,Adjusts the gamma correction.,调整伽马校正。,調整伽馬校正。,감마 보정을 조정합니다.,Ajusta la corrección gamma.,يضبط تصحيح غاما.,Mengatur koreksi gamma.,
BrightnessPost,Brightness,明るさ補正,Brightness,亮度,亮度,밝기,Brillo,سطوع,Kecerahan,
BrightnessPost_Desc,Setting Description,画面全体の明るさを調整します。,Adjusts the brightness.,调整亮度。,調整亮度。,밝기를 조정합니다.,Ajusta el brillo.,يضبط السطوع.,Mengatur kecerahan keseluruhan layar.,
Group_Vignette,Vignette,周辺減光,Vignette,暗角,暗角,비네트,Viñeta,تظليل,Vignette,
VignetteEnabled,Enable,周辺減光を有効にする,Enable,启用,啟用,활성화,Habilitar,تمكين, Aktifkan,
VignetteEnabled_Desc,Setting Description,画面の四隅を暗くして、雰囲気を変えます。,Enables vignette effect.,启用暗角效果。,啟用暗角效果。,비네트 효과를 활성화합니다.,Habilita el efecto de viñeta.,يمكّن تأثير التظليل.,Menggelapkan sudut layar untuk suasana.,
VignetteColor,Color,減光色,Vignette Color,暗角颜色,暗角顏色,비네트 색상,Color de viñeta,لون التظليل,Warna Vignette,
VignetteColor_Desc,Setting Description,四隅に重ねる色を設定します。,Sets the color of the vignette.,设置暗角的颜色。,設定暗角的顏色。,비네트의 색상을 설정합니다.,Establece el color de la viñeta.,يحدد لون التظليل.,Mengatur warna vignette.,
VignetteIntensity,Intensity,濃さ,Intensity,强度,強度,강도,Intensidad,كثافة,Intensitas,
VignetteIntensity_Desc,Setting Description,減光の強さを設定します。,Sets the intensity of the vignette.,设置暗角的强度。,設定暗角的強度。,비네트의 강도를 설정합니다.,Establece la intensidad de la viñeta.,يحدد كثافة التظليل.,Mengatur intensitas vignette.,
VignetteRadius,Radius,範囲,Radius,半径,半徑,반지름,Radio,نصف القطر,Radius,
VignetteRadius_Desc,Setting Description,減光を開始する中心からの範囲を設定します。,Sets the radius of the vignette.,设置暗角的半径。,設定暗角的半徑。,비네트의 반지름을 설정합니다.,Establece el radio de la viñeta.,يحدد نصف قطر التظليل.,Mengatur radius vignette.,
VignetteSoftness,Softness,ぼかし,Softness,柔和度,柔和度,부드러움,Suavidad,نعومة,Kelunakan,
VignetteSoftness_Desc,Setting Description,減光の境界の滑らかさを設定します。,Sets the softness of the vignette edges.,设置暗角边缘的柔和度。,設定暗角邊緣的柔和度。,비네트 가장자리의 부드러움을 설정합니다.,Establece la suavidad de los bordes de la viñeta.,يحدد نعومة حواف التظليل.,Mengatur kelembutan tepi vignette.,
Group_Scanline,Scanline,走査線,Scanline,扫描线,掃描線,스캔라인,Línea de escaneo,خط المسح,Scanline,
ScanlineEnabled,Enable,走査線を有効にする,Enable,启用,啟用,활성화,Habilitar,تمكين,Aktifkan,
ScanlineEnabled_Desc,Setting Description,ブラウン管テレビのような横縞模様を追加します。,Enables scanline effect.,启用扫描线效果。,啟用掃描線效果。,스캔라인 효과를 활성화합니다.,Habilita el efecto de línea de escaneo.,يمكّن تأثير خط المسح.,Menambahkan garis horizontal seperti TV tabung.,
ScanlineIntensity,Intensity,線の濃さ,Intensity,强度,強度,강도,Intensidad,كثافة,Intensitas,
ScanlineIntensity_Desc,Setting Description,走査線の濃さを設定します。,Sets the intensity of the scanlines.,设置扫描线的强度。,設定掃描線的強度。,스캔라인의 강도를 설정합니다.,Establece la intensidad de las líneas de escaneo.,يحدد كثافة خطوط المسح.,Mengatur kegelapan garis scanline.,
ScanlineFrequency,Frequency,線の細かさ,Frequency,频率,頻率,주파수,Frecuencia,تردد,Frekuensi,
ScanlineFrequency_Desc,Setting Description,走査線の密度（本数）を設定します。,Sets the frequency (number of lines) of the scanlines.,设置扫描线的频率（行数）。,設定掃描線的頻率（行數）。,스캔라인의 주파수(라인 수)를 설정합니다.,Establece la frecuencia (número de líneas) de las líneas de escaneo.,يحدد تردد (عدد خطوط) خطوط المسح.,Mengatur kepadatan garis scanline.,
Group_Artistic,Artistic,アートフィルタ,Artistic,艺术,藝術,예술,Artístico,فني,Artistik,
ChromAbEnabled,Chromatic Aberration,色収差（色ずれ）,Chromatic Aberration,色差,色差,색수차,Aberración cromática,انحراف لوني,Aberrasi kromatik,
ChromAbEnabled_Desc,Setting Description,色がずれて見えるレンズ効果を追加します。,Enables chromatic aberration effect.,启用色差效果。,啟用色差效果。,색수차 효과를 활성화합니다.,Habilita el efecto de aberración cromática.,يمكّن تأثير الانحراف اللوني.,Mengaktifkan efek aberasi kromatik.,
ChromAbIntensity,CA Intensity,ずれの強さ,CA Intensity,色差强度,色差強度,색수차 강도,Intensidad CA,كثافة CA,Intensitas CA,
ChromAbIntensity_Desc,Setting Description,色のずれ幅を設定します。,Sets the intensity of chromatic aberration.,设置色差的强度。,設定色差的強度。,색수차의 강도를 설정합니다.,Establece la intensidad de la aberración cromática.,يحدد كثافة الانحراف اللوني.,Mengatur intensitas aberasi kromatik.,
MonochromeEnabled,Monochrome,単色化（モノクロ）,Monochrome,单色,單色,흑백,Monocromo,أحادي اللون,Monokrom,
MonochromeEnabled_Desc,Setting Description,画面を単色（モノクロ）にします。,Enables monochrome effect.,启用单色效果。,啟用單色效果。,단색 효과를 활성화합니다.,Habilita el efecto monocromático.,يمكّن التأثير الأحادي اللون.,Mengubah layar menjadi monokrom.,
MonochromeColor,Mono Color,フィルター色,Mono Color,单色颜色,單色顏色,흑백 색상,Color mono,لون أحادي,Warna Mono,
MonochromeColor_Desc,Setting Description,単色化する際の色味を設定します。,Sets the color for monochrome effect.,设置单色效果的颜色。,設定單色效果的顏色。,단색 효과의 색상을 설정합니다.,Establece el color para el efecto monocromático.,يحدد اللون للتأثير الأحادي اللون.,Mengatur warna filter monokrom.,
MonochromeMix,Mono Mix,適用度,Mono Mix,混合量,混合量,혼합량,Mezcla mono,مزج أحادي,Campuran Mono,
MonochromeMix_Desc,Setting Description,元の色と単色フィルターの混ざり具合を設定します。,Sets the mix amount of monochrome effect.,设置单色效果的混合量。,設定單色效果的混合量。,단색 효과의 혼합량을 설정합니다.,Establece la cantidad de mezcla del efecto monocromático.,يحدد مقدار المزج للتأثير الأحادي اللون.,Mengatur seberapa banyak campuran antara warna asli dan filter mono.,
PosterizeEnabled,Posterize,ポスタライズ（階調化）,Posterize,色调分离,色調分離,포스터화,Posterizar,ملصق,Posterize,
PosterizeEnabled_Desc,Setting Description,色数を減らしてイラスト調にします。,Enables posterization effect.,启用色调分离效果。,啟用色調分離效果。,포스터화 효과를 활성화합니다.,Habilita el efecto de posterización.,يمكّن تأثير الملصق.,Mengurangi jumlah warna untuk efek ilustrasi.,
PosterizeLevels,Levels,色の段階数,Levels,色阶数,色階數,단계 수,Niveles,مستويات,Tingkat,
PosterizeLevels_Desc,Setting Description,色の段階数を設定します。数値が小さいほど極端な色使いになります。,Sets the number of levels for posterization.,设置色调分离的色阶数。,設定色調分離的色階數。,포스터화의 단계 수를 설정합니다.,Establece el número de niveles para la posterización.,يحدد عدد المستويات للملصق.,Mengatur jumlah tingkat posterize.,
WorldId_Desc,Setting Description,設定を切り替えるワールドIDを指定します。,Specifies the World ID to switch settings.,指定要切换设置的世界ID。,指定要切換設定的世界ID。,설정을 전환할 월드 ID를 지정합니다.,Especifica el ID del mundo para cambiar la configuración.,يحدد معرف العالم لتبديل الإعدادات.,Menentukan ID dunia untuk mengganti pengaturan.,
VCRedist_Title,Message Title,Visual C++ 再頒布可能パッケージ不足,Visual C++ Redistributable Missing,Visual C++ 可再发行组件丢失,Visual C++ 可轉散發套件遺失,Visual C++ 재배포 가능 패키지 누락,Falta Visual C++ Redistributable,Visual C++ Redistributable مفقود,Visual C++ Redistributable Hilang,
VCRedist_Message,Message Body,Visual C++ 2015-2022 再頒布可能パッケージ (x64) がインストールされていません。機能が正しく動作しない可能性があります。インストールしてください。,Visual C++ 2015-2022 Redistributable (x64) is not installed. Some features may not work correctly. Please install it.,未安装 Visual C++ 2015-2022 可再发行组件 (x64)。某些功能可能无法正常工作。请安装。,未安裝 Visual C++ 2015-2022 可轉散發套件 (x64)。某些功能可能無法正常運作。請安裝。,Visual C++ 2015-2022 재배포 가능 패키지(x64)가 설치되어 있지 않습니다. 일부 기능이 올바르게 작동하지 않을 수 있습니다. 설치해 주십시오.,Visual C++ 2015-2022 Redistributable (x64) no está instalado. Es posible que algunas funciones no funcionen correctamente. Por favor instálelo.,Visual C++ 2015-2022 Redistributable (x64) غير مثبت. قد لا تعمل بعض الميزات بشكل صحيح. الرجاء تثبيته.,Visual C++ 2015-2022 Redistributable (x64) belum terpasang. Beberapa fitur mungkin tidak berfungsi. Harap pasang.,
Filter_3DModelFiles,Filter Label,3D モデルファイル,3D Model Files,3D 模型文件,3D 模型檔案,3D 모델 파일,Archivos de modelo 3D,ملفات نموذج 3D,File Model 3D,
Filter_BlenderDeprecated,Filter Label,Blender ファイル (非推奨),Blender File (Deprecated),Blender 文件 (不推荐),Blender 檔案 (不推薦),Blender 파일 (비권장),Archivo Blender (Obsoleto),ملف Blender (مهمل),File Blender (Tidak Disarankan),
Filter_ShaderFiles,Filter Label,シェーダーファイル,Shader Files,着色器文件,著色器檔案,셰이더 파일,Archivos de sombreador,ملفات التظليل,File Shader,
Group_Assimp,Group Title,Assimp設定,Assimp Settings,Assimp设置,Assimp設定,Assimp 설정,Configuración de Assimp,إعدادات Assimp,Pengaturan Assimp,
Assimp_Obj,Setting Label,OBJをAssimpで読み込む,Load OBJ with Assimp,使用 Assimp 加载 OBJ,使用 Assimp 載入 OBJ,Assimp로 OBJ 로드,Cargar OBJ con Assimp,تحميل OBJ باستخدام Assimp,Muat OBJ dengan Assimp,
Assimp_Obj_Desc,Setting Description,OBJファイルの読み込みにAssimpを使用します。,Uses Assimp to load OBJ files.,使用 Assimp 读取 OBJ 文件。,使用 Assimp 讀取 OBJ 檔案。,OBJ 파일 로드에 Assimp를 사용합니다.,Utiliza Assimp para cargar archivos OBJ.,يستخدم Assimp لتحميل ملفات OBJ.,Menggunakan Assimp untuk memuat file OBJ.,
Assimp_Glb,Setting Label,GLBをAssimpで読み込む,Load GLB with Assimp,使用 Assimp 加载 GLB,使用 Assimp 載入 GLB,Assimp로 GLB 로드,Cargar GLB con Assimp,تحميل GLB باستخدام Assimp,Muat GLB dengan Assimp,
Assimp_Glb_Desc,Setting Description,GLB/GLTFファイルの読み込みにAssimpを使用します。,Uses Assimp to load GLB/GLTF files.,使用 Assimp 读取 GLB/GLTF 文件。,使用 Assimp 讀取 GLB/GLTF 檔案。,GLB/GLTF 파일 로드에 Assimp를 사용합니다.,Utiliza Assimp para cargar archivos GLB/GLTF.,يستخدم Assimp لتحميل ملفات GLB/GLTF.,Menggunakan Assimp untuk memuat file GLB/GLTF.,
Assimp_Ply,Setting Label,PLYをAssimpで読み込む,Load PLY with Assimp,使用 Assimp 加载 PLY,使用 Assimp 載入 PLY,Assimp로 PLY 로드,Cargar PLY con Assimp,تحميل PLY باستخدام Assimp,Muat PLY dengan Assimp,
Assimp_Ply_Desc,Setting Description,PLYファイルの読み込みにAssimpを使用します。,Uses Assimp to load PLY files.,使用 Assimp 读取 PLY 文件。,使用 Assimp 讀取 PLY 檔案。,PLY 파일 로드에 Assimp를 사용합니다.,Utiliza Assimp para cargar archivos PLY.,يستخدم Assimp لتحميل ملفات PLY.,Menggunakan Assimp untuk memuat file PLY.,
Assimp_Stl,Setting Label,STLをAssimpで読み込む,Load STL with Assimp,使用 Assimp 加载 STL,使用 Assimp 載入 STL,Assimp로 STL 로드,Cargar STL con Assimp,تحميل STL باستخدام Assimp,Muat STL dengan Assimp,
Assimp_Stl_Desc,Setting Description,STLファイルの読み込みにAssimpを使用します。,Uses Assimp to load STL files.,使用 Assimp 读取 STL 文件。,使用 Assimp 讀取 STL 檔案。,STL 파일 로드에 Assimp를 사용합니다.,Utiliza Assimp para cargar archivos STL.,يستخدم Assimp لتحميل ملفات STL.,Menggunakan Assimp untuk memuat file STL.,
Assimp_3mf,Setting Label,3MFをAssimpで読み込む,Load 3MF with Assimp,使用 Assimp 加载 3MF,使用 Assimp 載入 3MF,Assimp로 3MF 로드,Cargar 3MF con Assimp,تحميل 3MF باستخدام Assimp,Muat 3MF dengan Assimp,
Assimp_3mf_Desc,Setting Description,3MFファイルの読み込みにAssimpを使用します。,Uses Assimp to load 3MF files.,使用 Assimp 读取 3MF 文件。,使用 Assimp 讀取 3MF 檔案。,3MF 파일 로드에 Assimp를 사용합니다.,Utiliza Assimp para cargar archivos 3MF.,يستخدم Assimp لتحميل ملفات 3MF.,Menggunakan Assimp untuk memuat file 3MF.,
Assimp_Pmx,Setting Label,PMXをAssimpで読み込む,Load PMX with Assimp,使用 Assimp 加载 PMX,使用 Assimp 載入 PMX,Assimp로 PMX 로드,Cargar PMX con Assimp,تحميل PMX باستخدام Assimp,Muat PMX dengan Assimp,
Assimp_Pmx_Desc,Setting Description,PMXファイルの読み込みにAssimpを使用します。,Uses Assimp to load PMX files.,使用 Assimp 读取 PMX 文件。,使用 Assimp 讀取 PMX 檔案。,PMX 파일 로드에 Assimp를 사용합니다.,Utiliza Assimp para cargar archivos PMX.,يستخدم Assimp لتحميل ملفات PMX.,Menggunakan Assimp untuk memuat file PMX.,
LayerSettings,Window Title,レイヤー,Layers,图层,圖層,레이어,Capas,طبقات,Layer,
Layer_Add,Tooltip,レイヤー追加,Add Layer,添加图层,新增圖層,레이어 추가,Añadir capa,إضافة طبقة,Tambah Layer,
Layer_Remove,Tooltip,レイヤー削除,Remove Layer,删除图层,刪除圖層,레이어 삭제,Eliminar capa,إزالة طبقة,Hapus Layer,
Layer_MoveUp,Tooltip,上へ移動,Move Up,上移,上移,위로 이동,Mover arriba,تحريك لأعلى,Pindah ke Atas,
Layer_MoveDown,Tooltip,下へ移動,Move Down,下移,下移,아래로 이동,Mover abajo,تحريك لأسفل,Pindah ke Bawah,
Layer_New,New Layer,新規レイヤー,New Layer,新建图层,新建圖層,새 레이어,Nueva capa,طبقة جديدة,Layer Baru,
UpdateNotificationTitle,Message Title,ObjLoader 更新通知,ObjLoader Update Notification,ObjLoader 更新通知,ObjLoader 更新通知,ObjLoader 업데이트 알림,Notificación de actualización de ObjLoader,إشعار تحديث ObjLoader,Pemberitahuan Pembaruan ObjLoader,
UpdateNotificationMessage,Message Body,新しいバージョン ({0}) が利用可能です。\n配布ページを開きますか？,A new version ({0}) is available.\nDo you want to open the distribution page?,新版本 ({0}) 可用。\n是否打开发布页面？,新版本 ({0}) 可用。\n是否開啟發佈頁面？,새 버전 ({0})을 사용할 수 있습니다.\n배포 페이지를 여시겠습니까?,Hay una nueva versión ({0}) disponible.\n¿Desea abrir la página de distribución?,يتوفر إصدار جديد ({0}).\nهل تريد فتح صفحة التوزيع؟,Versi baru ({0}) tersedia.\nBuka halaman distribusi?,
RenderQuality,Setting Label,描画品質,Render Quality,渲染质量,渲染品質,렌더링 품질,Calidad de renderizado,جودة التصيير,Kualitas Render,
RenderQuality_Desc,Setting Description,3Dモデルの描画品質を設定します。高いほど綺麗ですが負荷が増えます。,Sets the rendering quality of the 3D model. Higher quality increases load.,设置3D模型的渲染质量。质量越高，负载越大。,設定3D模型的渲染品質。品質越高，負載越大。,3D 모델의 렌더링 품질을 설정합니다. 높을수록 깨끗하지만 부하가 증가합니다.,Establece la calidad de renderizado del modelo 3D. Mayor calidad aumenta la carga.,يحدد جودة تصيير النموذج ثلاثي الأبعاد. الجودة الأعلى تزيد الحمل.,Mengatur kualitas render model 3D. Kualitas lebih tinggi meningkatkan beban.,
RenderQuality_High,Enum Value,高品質 (2x SSAA),High (2x SSAA),高质量 (2x SSAA),高品質 (2x SSAA),고품질 (2x SSAA),Alta (2x SSAA),عالية (2x SSAA),Tinggi (2x SSAA),
RenderQuality_Standard,Enum Value,標準,Standard,标准,標準,표준,Estándar,قياسي,Standar,
RenderQuality_Low,Enum Value,低品質,Low,低质量,低品質,저품질,Baja,منخفضة,Rendah,
Button_Setting,Button Tooltip,設定,Settings,设置,設定,설정,Configuración,إعدادات,Pengaturan,
Button_Layer,Button Tooltip,レイヤー,Layers,图层,圖層,레이어,Capas,طبقات,Layer,
Button_Split,Button Tooltip,分解,Split,分解,分解,분해,Dividir,إنقسام,Membagi,
SplitWindow_Title,Window Title,分解,Split,分解,分解,분해,Dividir,إنقسام,Membagi,
SplitWindow_Parts,,パーツ一覧,Parts List,部件列表,部件列表,부품 목록,Lista de piezas,قائمة الأجزاء,Daftar Bagian,
SplitWindow_All,,全て,All,全部,全部,전체,Todo,الجميع,Semua,
SplitWindow_PartName,,パーツ {0},Part {0},部件 {0},部件 {0},부품 {0},Pieza {0},الجزء {0},Bagian {0},
SplitWindow_Faces,Detail Label,ポリゴン数: {0},Polygons: {0},面数: {0},面數: {0},폴리곤 수: {0},Polígonos: {0},مضلعات: {0},Poligon: {0},
SplitWindow_AddToLayer,Add to Layer,レイヤーに追加,Add to Layer,添加至图层,添加至圖層,레이어에 추가,Añadir a capa,إضافة إلى طبقة,Tambahkan ke Layer,
Button_CenterPoint,Button Tooltip,回転中心,Rotation Center,旋转中心,旋轉中心,회전 중심,Centro de rotación,مركز الدوران,Pusat Rotasi,
Window_CenterPoint,Window Title,回転中心設定,Rotation Center Settings,旋转中心设置,旋轉中心設定,회전 중심 설정,Configuración del centro de rotación,إعدادات مركز الدوران,Pengaturan Pusat Rotasi,
Msg_CenterPointDesc,Description,選択したレイヤーの回転中心座標を設定します。,Sets the rotation center coordinates for the selected layer.,设置所选图层的旋转中心坐标。,設定所選圖層的旋轉中心座標。,선택한 레이어의 회전 중심 좌표를 설정합니다.,Establece las coordenadas del centro de rotación para la capa seleccionada.,يحدد إحداثيات مركز الدوران للطبقة المحددة.,Mengatur koordinat pusat rotasi untuk layer yang dipilih.,
Group_Selection,Group Title,3D選択,3D Selection,3D选择,3D選擇,3D 선택,Selección 3D,تحديد ثلاثي الأبعاد,Pilihan 3D,
Msg_HoverInfo,Info,3Dビュー上で頂点・辺・面をマウスでなぞると自動認識します。,Automatically recognizes vertices, edges, and faces when hovering over them in the 3D view.,在3D视图中鼠标悬停时自动识别顶点、边和面。,在3D視圖中滑鼠懸停時自動識別頂點、邊和面。,3D 뷰에서 마우스를 가져가면 정점, 가장자리, 면을 자동으로 인식합니다.,Reconoce automáticamente vértices, bordes y caras al pasar el ratón sobre ellos en la vista 3D.,يتعرف تلقائيًا على القمم والحواف والوجوه عند تحريك مؤشر الماوس فوقها في العرض ثلاثي الأبعاد.,Secara otomatis mengenali simpul, tepi, dan wajah saat mengarahkan kursor ke atasnya dalam tampilan 3D.,
Button_ApplySelection,Button,検出した座標を適用,Apply Detected Coordinates,应用检测到的坐标,應用檢測到的座標,감지된 좌표 적용,Aplicar coordenadas detectadas,تطبيق الإحداثيات المكتشفة,Terapkan Koordinat yang Terdeteksi,
State_None,State,なし,None,无,無,없음,Ninguno,لا شيء,Tidak ada,
Dialog_Close,Button,閉じる,Close,关闭,關閉,닫기,Cerrar,إغلاق,Tutup,
State_Scanning,State,スキャン中...,Scanning...,扫描中...,掃描中...,스캔 중...,Escaneando...,مسح...,Memindai...,
State_Locked,State,ロック中,Locked,已锁定,已鎖定,잠김,Bloqueado,مقفل,Terkunci,
Mode_Vertex,Mode,頂点,Vertex,顶点,頂點,정점,Vértice,قمة,Titik Sudut,
Mode_Edge,Mode,辺,Edge,边,邊,모서리,Borde,حافة,Tepi,
Mode_Face,Mode,面,Face,面,면,Cara,وجه,Wajah,
Layer_Rename,Double click to rename,ダブルクリックで名前を変更,Double click to rename,双击重命名,雙擊重新命名,더블 클릭하여 이름 변경,Doble clic para renombrar,انقر نقرًا مزدوجًا لإعادة التسمية,Klik dua kali untuk mengganti nama,
Layer_Visibility_Show,Show,表示する,Show,显示,顯示,표시,Mostrar,إظهار,Tampilkan,
Layer_Visibility_Hide,Hide,非表示にする,Hide,隐藏,隱藏,숨기기,Ocultar,إخفاء,Sembunyikan,
Layer_PartName,Part Name,パーツ {0},Part {0},部件 {0},部件 {0},부품 {0},Pieza {0},جزء {0},Bagian {0},
Menu_File,Menu File,ファイル,File,文件,檔案,파일,Archivo,ملف,File,
Menu_Open,Menu Item,開く,Open,打开,開啟,열기,Abrir,فتح,Buka,
Menu_Save,Menu Item,上書き保存,Save,保存,儲存,저장,Guardar,حفظ,Simpan,
Menu_SaveAs,Menu Item,名前を付けて保存,Save As,另存为,另存新檔,다른 이름으로 저장,Guardar como,حفظ باسم,Simpan Sebagai,
Menu_Exit,Menu Item,閉じる,Close,关闭,關閉,닫기,Cerrar,إغلاق,Tutup,
Menu_Edit,Menu Group,編集,Edit,编辑,編輯,편집,Editar,تحرير,Edit,
Menu_Undo,Menu Item,元に戻す,Undo,撤销,復原,실행 취소,Deshacer,تراجع,Undo,
Menu_Redo,Menu Item,やり直し,Redo,重做,重做,다시 실행,Rehacer,إعادة,Redo,
Msg_ProjectFileFilter,Message,カメラプロジェクトファイル,Camera Project File,相机项目文件,相機專案檔,카메라 프로젝트 파일,Archivo de proyecto de cámara,ملف مشروع الكاميرا,File Proyek Kamera,
Msg_FailedToLoad,Message,読み込みに失敗しました: {0},Failed to load: {0},加载失败: {0},載入失敗: {0},로드 실패: {0},Error al cargar: {0},فشل التحميل: {0},Gagal memuat: {0},
Msg_FailedToSave,Message,保存に失敗しました: {0},Failed to save: {0},保存失败: {0},儲存失敗: {0},저장 실패: {0},Error al guardar: {0},فشل الحفظ: {0},Gagal menyimpan: {0},
LightType,Light Type,ライトの種類,Light Type,灯光类型,燈光類型,조명 유형,Tipo de luz,نوع الضوء,Jenis Cahaya,
LightType_Point,Enum Value,ポイント,Point,点光,點光,포인트,Punto,نقطة,Titik,
LightType_Spot,Enum Value,スポット,Spot,聚光,聚光,스포트,Foco,بقعة,Spot,
LightType_Sun,Enum Value,サン,Sun,日光,日光,태양,Sol,شمس,Matahari,
LightType_Area,Enum Value,エリア,Area,区域,區域,영역,Área,منطقة,Area,
Shadow_Enabled,Enable Shadow,影を有効にする,Enable Shadow,启用阴影,啟用陰影,그림자 사용,Habilitar sombra,تمكين الظل,Aktifkan Bayangan,
Shadow_Resolution,Shadow Resolution,影の解像度,Shadow Resolution,阴影分辨率,陰影解析度,그림자 해상도,Resolución de sombra,دقة الظل,Resolusi Bayangan,
Shadow_Bias,Shadow Bias,影のバイアス,Shadow Bias,阴影偏差,陰影偏差,그림자 바이어스,Sesgo de sombra,تحيز الظل,Bias Bayangan,
Shadow_Strength,Shadow Strength,影の濃さ,Shadow Strength,阴影强度,陰影強度,그림자 강도,Fuerza de la sombra,قوة الظل,Kekuatan Bayangan,
SunLight_ShadowRange,Sun Shadow Range,サンの影の範囲,Sun Shadow Range,日光阴影范围,日光陰影範圍,태양 그림자 범위,Rango de sombra del sol,نطاق ظل الشمس,Rentang Bayangan Matahari,
Group_Shadow,Shadow Settings,影設定,Shadow Settings,阴影设置,陰影設置,그림자 설정,Configuración de sombras,إعدادات الظل,Pengaturan Bayangan,
Shadow_Enabled_Desc,Toggle shadow rendering.,影の描画を切り替えます。,Toggle shadow rendering.,切换阴影渲染。,切換陰影渲染。,그림자 렌더링 전환.,Alternar renderizado de sombras.,تبديل عرض الظل.,Beralih rendering bayangan.,
Shadow_Resolution_Desc,Texture resolution for shadow mapping.,シャドウマッピングのテクスチャ解像度です。,Texture resolution for shadow mapping.,阴影贴图的纹理分辨率。,陰影貼圖的紋理分辨率。,그림자 매핑을 위한 텍스처 해상도.,Resolución de textura para mapeo de sombras.,دقة النسيج لتعيين الظل.,Resolusi tekstur untuk pemetaan bayangan.,
Shadow_Bias_Desc,Offset to prevent shadow acne.,シャドウアクネを防ぐためのオフセットです。,Offset to prevent shadow acne.,防止阴影痤疮的偏移。,防止陰影痤瘡的偏移。,그림자 여드름을 방지하기 위한 오프셋.,Desplazamiento para evitar el acné de sombra.,الإزاحة لمنع حب الشباب الظل.,Offset untuk mencegah jerawat bayangan.,
Shadow_Strength_Desc,Darkness of the shadows.,影の濃さを設定します。,Darkness of the shadows.,设置阴影的深浅。,設置陰影的深淺。,그림자의 어두운 정도 설정.,Oscuridad de las sombras.,ظلام الظلال.,Kegelapan bayangan.,
SunLight_ShadowRange_Desc,Area size covered by sun shadows.,サンライトの影がカバーする範囲の大きさです。,Area size covered by sun shadows.,太阳阴影覆盖的区域大小。,太陽陰影覆蓋的區域大小。,태양 그림자가 커버하는 영역 크기.,Tamaño del área cubierta por sombras solares.,حجم المنطقة التي تغطيها ظلال الشمس.,Ukuran area yang dicakup oleh bayangan matahari.,
ShadowMode,Shadow Mode,影の生成,Shadow Generation,阴影生成,陰影生成,그림자 생성,Generación de sombras,توليد الظل,Pembuatan Bayangan,
ShadowMode_Desc,Setting Description,このワールドID設定での影の有効・無効を切り替えます。,Toggles shadow generation for this World ID setting.,切换此世界ID设置的阴影生成。,切換此世界ID設定的陰影生成。,이 월드 ID 설정에 대한 그림자 생성을 전환합니다.,Alterna la generación de sombras para esta configuración de ID de mundo.,يبدل توليد الظل لإعداد معرف العالم هذا.,Mengalihkan pembuatan bayangan untuk pengaturan ID Dunia ini.,
CascadedShadows,Cascaded Shadows,カスケードシャドウ,Cascaded Shadows,级联阴影,級聯陰影,계단식 그림자,Sombras en cascada,ظلال متتالية,Bayangan Bertingkat,
CascadedShadows_Desc,Setting Description,カスケードシャドウマップを有効にし、影の品質を向上させます。,Enables Cascaded Shadow Maps to improve shadow quality.,启用级联阴影贴图以提高阴影质量。,啟用級聯陰影貼圖以提高陰影品質。,계단식 그림자 매핑을 활성화하여 그림자 품질을 향상시킵니다.,Habilita mapas de sombras en cascada para mejorar la calidad de las sombras.,يمكّن خرائط الظل المتتالية لتحسين جودة الظل.,Mengaktifkan Peta Bayangan Bertingkat untuk meningkatkan kualitas bayangan.,
Group_PBR,Group Title,PBR設定,PBR Settings,PBR设置,PBR設定,PBR 설정,Configuración PBR,إعدادات PBR,Pengaturan PBR,
Metallic,Setting Label,メタリック,Metallic,金属度,金屬度,메탈릭,Metálico,معدني,Metallic,
Metallic_Desc,Setting Description,表面の金属っぽさを設定します。,Sets the metallic property of the surface.,设置表面的金属度。,設定表面的金屬度。,표면의 금속성을 설정합니다.,Establece la propiedad metálica de la superficie.,يحدد الخاصية المعدنية للسطح.,Mengatur sifat logam dari permukaan.,
Roughness,Setting Label,ラフネス,Roughness,粗糙度,粗糙度,거칠기,Rugosidad,خشونة,Kekasaran,
Roughness_Desc,Setting Description,表面の粗さを設定します。反射のぼけ具合に影響します。,Sets the roughness of the surface. Affects reflection blur.,设置表面的粗糙度。影响反射模糊。,設定表面的粗糙度。影響反射模糊。,표면의 거칠기를 설정합니다. 반사 흐림에 영향을 줍니다.,Establece la rugosidad de la superficie. Afecta el desenfoque de la reflexión.,يحدد خشونة السطح. يؤثر على ضبابية الانعكاس.,Mengatur kekasaran permukaan. Mempengaruhi blur refleksi.,
IBLIntensity,Setting Label,環境光強度 (IBL),IBL Intensity,环境光强度 (IBL),環境光強度 (IBL),IBL 강도,Intensidad IBL,كثافة IBL,Intensitas IBL,
IBLIntensity_Desc,Setting Description,環境マップによるライティングの強さを設定します。,Sets the intensity of Image Based Lighting.,设置基于图像的照明强度。,設定基於圖像的照明強度。,이미지 기반 조명의 강도를 설정합니다.,Establece la intensidad de la iluminación basada en imágenes.,يحدد كثافة الإضاءة القائمة على الصورة.,Mengatur intensitas Pencahayaan Berbasis Gambar.,
Group_SSR,Group Title,SSR (画面空間反射),SSR,SSR,SSR,SSR,SSR,SSR,SSR,
SSREnabled,Setting Label,SSR有効,Enable SSR,启用SSR,啟用SSR,SSR 활성화,Habilitar SSR,تمكين SSR,Aktifkan SSR,
SSREnabled_Desc,Setting Description,画面空間反射を有効にします。,Enables Screen Space Reflections.,启用屏幕空间反射。,啟用螢幕空間反射。,화면 공간 반사를 활성화합니다.,Habilita las reflexiones del espacio de pantalla.,يمكّن انعكاسات مساحة الشاشة.,Mengaktifkan Refleksi Ruang Layar.,
SSRStep,Setting Label,ステップサイズ,Step Size,步长,步長,단계 크기,Tamaño del paso,حجم الخطوة,Ukuran Langkah,
SSRStep_Desc,Setting Description,反射計算の精度を設定します。,Sets the precision of reflection calculation.,设置反射计算的精度。,設定反射計算的精度。,반사 계산의 정밀도를 설정합니다.,Establece la precisión del cálculo de reflexión.,يحدد دقة حساب الانعكاس.,Mengatur presisi perhitungan refleksi.,
SSRMaxDist,Setting Label,最大距離,Max Distance,最大距离,最大距離,최대 거리,Distancia máxima,أقصى مسافة,Jarak Maksimum,
SSRMaxDist_Desc,Setting Description,反射計算を行う最大距離を設定します。,Sets the maximum distance for reflection calculation.,设置反射计算的最大距离。,設定反射計算的最大距離。,반사 계산의 최대 거리를 설정합니다.,Establece la distancia máxima para el cálculo de la reflexión.,يحدد الحد الأقصى للمسافة لحساب الانعكاس.,Mengatur jarak maksimum untuk perhitungan refleksi.,
Group_PCSS,Group Title,PCSS (ソフトシャドウ),PCSS,PCSS,PCSS,PCSS,PCSS,PCSS,PCSS,
PcssLightSize,Setting Label,光源サイズ,Light Size,光源大小,光源大小,광원 크기,Tamaño de luz,حجم الضوء,Ukuran Cahaya,
PcssLightSize_Desc,Setting Description,光源の大きさを設定します。影のぼけ具合に影響します。,Sets the size of the light source. Affects shadow softness.,设置光源的大小。影响阴影柔和度。,設定光源的大小。影響陰影柔和度。,광원의 크기를 설정합니다. 그림자 부드러움에 영향을 줍니다.,Establece el tamaño de la fuente de luz. Afecta la suavidad de la sombra.,يحدد حجم مصدر الضوء. يؤثر على نعومة الظل.,Mengatur ukuran sumber cahaya. Mempengaruhi kelembutan bayangan.,
PcssQuality,Setting Label,シャドウ品質,Shadow Quality,阴影质量,陰影品質,그림자 품질,Calidad de sombra,جودة الظل,Kualitas Bayangan,
PcssQuality_Desc,Setting Description,ソフトシャドウのサンプル数を設定します。,Sets the number of samples for soft shadows.,设置软阴影的采样数。,設定軟陰影的採樣數。,소프트 섀도우의 샘플 수를 설정합니다.,Establece el número de muestras para sombras suaves.,يحدد عدد العينات للظلال الناعمة.,Mengatur jumlah sampel untuk bayangan lembut.,
ScanlinePost,Setting Label,トーンマップ後適用,Apply After Tonemap,色调映射后应用,色調映射後應用,톤매핑 후 적용,Aplicar después de tonemap,تطبيق بعد تخطيط النغمة,Terapkan Setelah Tonemap,
ScanlinePost_Desc,Setting Description,走査線をトーンマッピングの後に適用します。,Applies scanlines after tone mapping.,在色调映射之后应用扫描线。,在色調映射之後應用掃描線。,톤매핑 후에 스캔라인을 적용합니다.,Aplica líneas de escaneo después del mapeo de tonos.,يطبق خطوط المسح بعد تخطيط النغمة.,Menerapkan scanlines setelah tone mapping.,
SplitWindow_MaterialSettings,Material settings for each part,質感設定,Material Settings,材质设置,材質設定,재질 설정,Configuración de material,إعدادات المواد,Pengaturan Material,
SplitWindow_MaterialPreset,Material preset file name,マテリアルプリセット,Material Preset,材质预设,材質預設,재질 프리셋,Preajuste de material,إعداد المواد المسبق,Preset Material,
ShaderParser_UnterminatedString,Error when string literal is not closed,文字列リテラルが閉じられていません,Unterminated string literal,字符串字面量未终止,字串常值未終止,문자열 리터럴이 닫히지 않았습니다,Literal de cadena sin terminar,سلسلة نصية غير منتهية,String literal tidak ditutup,
ShaderParser_ExpectedTextFound,Expected specific text but found different text,'{0}'が必要ですが'{1}'が見つかりました,Expected '{0}' but found '{1}',需要'{0}'但找到'{1}',需要'{0}'但找到'{1}','{0}'이(가) 필요하지만 '{1}'을(를) 찾았습니다,Se esperaba '{0}' pero se encontró '{1}',متوقع '{0}' لكن وجد '{1}',Diharapkan '{0}' tetapi ditemukan '{1}',
ShaderParser_ExpectedTypeFound,Expected token type but found different type,{0}が必要ですが{1}が見つかりました,Expected {0} but found {1},需要{0}但找到{1},需要{0}但找到{1},{0}이(가) 필요하지만 {1}을(를) 찾았습니다,Se esperaba {0} pero se encontró {1},متوقع {0} لكن وجد {1},Diharapkan {0} tetapi ditemukan {1},
ShaderParser_ExpectedTypeButFoundText,Expected type token but found specific text,型が必要ですが'{0}'が見つかりました,Expected type but found '{0}',需要类型但找到'{0}',需要類型但找到'{0}',타입이 필요하지만 '{0}'을(를) 찾았습니다,Se esperaba un tipo pero se encontró '{0}',متوقع نوع لكن وجد '{0}',Diharapkan tipe tetapi ditemukan '{0}',
ShaderConversion_ParsingFailed,Shader parsing operation failed,シェーダーの解析に失敗しました: {0} (行: {1}、列: {2}),Shader parsing failed: {0} at line {1} column {2},着色器解析失败: {0} 在第{1}行第{2}列,著色器解析失敗: {0} 在第{1}行第{2}列,셰이더 파싱 실패: {0} (줄: {1}、열: {2}),Error al analizar el shader: {0} en línea {1} columna {2},فشل تحليل التظليل: {0} في السطر {1} العمود {2},Parsing shader gagal: {0} di baris {1} kolom {2},
ShaderConversion_ConversionFailed,Shader conversion operation failed,シェーダーの変換に失敗しました: {0},Shader conversion failed: {0},着色器转换失败: {0},著色器轉換失敗: {0},셰이더 변환 실패: {0},Error al convertir el shader: {0},فشل تحويل التظليل: {0},Konversi shader gagal: {0},
ShaderConversion_ArgumentNull,Argument cannot be null,引数がnullです,Argument cannot be null,参数不能为空,參數不能為空,인수가 null일 수 없습니다,El argumento no puede ser nulo,الوسيطة لا يمكن أن تكون فارغة,Argumen tidak boleh null,
ShaderConversion_SourceCodeEmpty,Source code cannot be empty,ソースコードが空です,Source code cannot be empty,源代码不能为空,原始碼不能為空,소스 코드가 비어 있을 수 없습니다,El código fuente no puede estar vacío,الكود المصدري لا يمكن أن يكون فارغًا,Kode sumber tidak boleh kosong,
ShaderError_Category_Syntax,Syntax error category,構文エラー,Syntax Error,语法错误,語法錯誤,구문 오류,Error de sintaxis,خطأ في بناء الجملة,Kesalahan Sintaks,
ShaderError_Category_Compilation,Compilation error category,コンパイルエラー,Compilation Error,编译错误,編譯錯誤,컴파일 오류,Error de compilación,خطأ في الترجمة,Kesalahan Kompilasi,
ShaderError_Category_Conversion,Conversion error category,変換エラー,Conversion Error,转换错误,轉換錯誤,변환 오류,Error de conversión,خطأ في التحويل,Kesalahan Konversi,
ShaderError_Category_General,General error category,一般エラー,General Error,常规错误,一般錯誤,일반 오류,Error general,خطأ عام,Kesalahan Umum,
ShaderError_Location,Error location label,エラー位置,Location,位置,位置,위치,Ubicación,الموقع,Lokasi,
ShaderError_Line,Line number label,行,Line,行,行,줄,Línea,السطر,Baris,
ShaderError_Column,Column number label,列,Column,列,列,열,Columna,العمود,Kolom,
ShaderError_Message,Error message label,エラーメッセージ,Error Message,错误消息,錯誤訊息,오류 메시지,Mensaje de error,رسالة الخطأ,Pesan Kesalahan,
ShaderError_CodeContext,Code context label,コードコンテキスト,Code Context,代码上下文,程式碼內容,코드 컨텍스트,Contexto del código,سياق الكود,Konteks Kode,
ShaderError_File,File name label,ファイル,File,文件,檔案,파일,Archivo,الملف,File,
ShaderError_ValidationTime,Validation time label,検証時刻,Validation Time,验证时间,驗證時間,검증 시간,Tiempo de validación,وقت التحقق,Waktu Validasi,
ShaderError_DialogTitle,Error details dialog title,シェーダーエラー詳細,Shader Error Details,着色器错误详情,著色器錯誤詳情,셰이더 오류 세부정보,Detalles del error del shader,تفاصيل خطأ التظليل,Detail Kesalahan Shader,
SSRMaxDist,SSR maximum trace distance,SSR最大トレース距離,SSR Max Distance,SSR最大追踪距离,SSR最大追蹤距離,SSR 최대 추적 거리,Distancia máxima SSR,مسافة SSR القصوى,Jarak maks SSR,
SSRMaxDist_Desc,Maximum distance for ray tracing in world units,ワールド単位での最大レイトレーシング距離,Maximum ray tracing distance in world space,世界单位中的最大光线追踪距离,世界單位中的最大光線追蹤距離,월드 공간에서의 최대 레이 트레이싱 거리,Distancia máxima de trazado de rayos en el espacio del mundo,مسافة تتبع الأشعة القصوى في الفضاء العالمي,Jarak ray tracing maksimum di ruang dunia,
SSRMaxSteps,Maximum ray marching steps for SSR,SSR最大ステップ数,SSR Max Steps,SSR最大步数,SSR最大步數,SSR 최대 단계,Pasos máximos SSR,خطوات SSR القصوى,Langkah Maks SSR,
SSRMaxSteps_Desc,Number of ray marching iterations (higher = better quality but slower),レイマーチングの反復回数（高いほど高品質だが低速）,Number of ray marching iterations for screen-space reflections,光线行进迭代次数（越高质量越好但越慢）,光線行進迭代次數（越高品質越好但越慢）,레이 마칭 반복 횟수 (높을수록 품질 향상하지만 느림),Número de iteraciones de ray marching (mayor = mejor calidad pero más lento),عدد تكرارات تتبع الأشعة (أعلى = جودة أفضل لكن أبطأ),Jumlah iterasi ray marching (lebih tinggi = kualitas lebih baik tapi lebih lambat),
SSRDepthThreshold,SSR depth threshold tolerance,SSR深度許容範囲,SSR Depth Threshold,SSR深度阈值,SSR深度閾值,SSR 깊이 임계값,Umbral de profundidad SSR,عتبة عمق SSR,Ambang kedalaman SSR,
SSRDepthThreshold_Desc,Depth buffer tolerance for ray hit detection,ヒット検出のための深度バッファ許容値,Depth buffer tolerance for ray hit detection,光线命中检测的深度缓冲容差,光線命中檢測的深度緩衝容差,레이 적중 감지를 위한 깊이 버퍼 허용 오차,Tolerancia del búfer de profundidad para la detección de impactos,تفاوت المخزن المؤقت للعمق لاكتشاف الضربة,Toleransi buffer kedalaman untuk deteksi hit,
Material_Group_Standard,Group Name,標準,Standard,标准,標準,표준,Estándar,قياسي,Standar,
Material_Roughness,Setting Label,粗さ,Roughness,粗糙度,粗糙度,거칠기,Rugosidad,خشونة,Kekasaran,
Material_Metallic,Setting Label,メタリック,Metallic,金属度,金屬度,메탈릭,Metálico,معدني,Metallic,
Material_BaseColor,Setting Label,基本色,Base Color,基本色,基本色,기본 색상,Color base,اللون الأساسي,Warna Dasar,
Tip_SavePreset,Tooltip,プリセットを保存,Save Preset,保存预设,保存預設,프리셋 저장,Guardar preajuste,حفظ الإعداد المسبق,Simpan Preset,
Tip_LoadPreset,Tooltip,プリセットを読み込む,Load Preset,加载预设,載入預設,프리셋 불러오기,Cargar preajuste,تحميل الإعداد المسبق,Muat Preset,
Tip_ResetMaterial,Tooltip,マテリアルをリセット,Reset Material,重置材质,重置材質,재질 초기화,Restablecer material,إعادة تعيين المواد,Reset Material,
Tip_ResetGroup,Tooltip,グループをリセット,Reset Group,重置组,重置群組,그룹 초기화,Restablecer grupo,إعادة تعيين المجموعة,Reset Grup,
Settings_3DModel,Setting Label,3Dモデル,3D Model,3D模型,3D模型,3D 모델,Modelo 3D,نموذج ثلاثي الأبعاد,Model 3D,
SandboxSettings,Group Title,サンドボックス設定,Sandbox Settings,沙盒设置,沙盒設定,샌드박스 설정,Configuración de Sandbox,إعدادات صندوق الرمل,Pengaturan Kotak Pasir,
EnableSandbox,Setting Label,サンドボックスを有効にする,Enable Sandbox,启用沙盒,啟用沙盒,샌드박스 활성화,Habilitar Sandbox,تمكين صندوق الرمل,Aktifkan Sandbox,
AllowedDirectories,Setting Label,許可されたディレクトリ,Allowed Directories,允许的目录,允許的目錄,허용된 디렉토리,Directorios permitidos,الدلائل المسموح بها,Direktori yang Diizinkan,
AddDirectory,Button Label,追加,Add,添加,新增,추가,Añadir,إضافة,Tambah,
RemoveDirectory,Button Label,削除,Remove,删除,刪除,삭제,Eliminar,إزالة,Hapus,
ClearDirectories,Button Label,クリア,Clear,清除,清除,지우기,Limpiar,مسح,Bersihkan,
ResourceManagement,Group Title,リソース管理,Resource Management,资源管理,資源管理,리소스 관리,Gestión de recursos,إدارة الموارد,Manajemen Sumber Daya,
AuditInterval,Setting Label,監査間隔 (分),Audit Interval (min),审计间隔 (分钟),審計間隔 (分鐘),감사 간격 (분),Intervalo de auditoría (min),فاصل التدقيق (دقيقة),Interval Audit (mnt),
LeakThreshold,Setting Label,リーク判定閾値 (分),Leak Threshold (min),泄漏阈值 (分钟),洩漏閾值 (分鐘),누출 임계값 (분),Umbral de fuga (min),عتبة التسرب (دقيقة),Ambang Kebocoran (mnt),
EnableAutoAudit,Setting Label,自動監査を有効にする,Enable Auto Audit,启用自动审计,啟用自動審計,자동 감사 활성화,Habilitar auditoría automática,تمكين التدقيق التلقائي,Aktifkan Audit Otomatis,
RunAudit,Button Label,今すぐ監査を実行,Run Audit Now,立即运行审计,立即執行審計,지금 감사 실행,Ejecutar auditoría ahora,تشغيل التدقيق الآن,Jalankan Audit Sekarang,
AuditResults,Group Title,監査結果,Audit Results,审计结果,審計結果,감사 결과,Resultados de la auditoría,نتائج التدقيق,Hasil Audit,
ActiveResources,Label,アクティブなリソース:,Active Resources:,活动资源:,活動資源:,활성 리소스:,Recursos activos:,الموارد النشطة:,Sumber Daya Aktif:,
OrphanedResources,Label,孤立したリソース:,Orphaned Resources:,孤立资源:,孤立資源:,고립된 리소스:,Recursos huérfanos:,الموارد اليتيمة:,Sumber Daya Yatim:,
TotalAllocations,Label,総割り当て数:,Total Allocations:,总分配数:,總分配數:,총 할당 수:,Asignaciones totales:,إجمالي المخصصات:,Total Alokasi:,
TotalDisposals,Label,総破棄数:,Total Disposals:,总释放数:,總釋放數:,총 폐기 수:,Disposiciones totales:,إجمالي التخلص:,Total Pembuangan:,
EstimatedActiveBytes,Label,推定アクティブサイズ (B):,Estimated Active Size (B):,估计活动大小 (B):,估計活動大小 (B):,예상 활성 크기 (B):,Tamaño activo estimado (B):,الحجم النشط المقدر (B):,Perkiraan Ukuran Aktif (B):,
LeakedResourcesList,Label,リークの可能性があるリソース,Potentially Leaked Resources,可能泄漏的资源,可能洩漏的資源,누출 가능성이 있는 리소스,Recursos potencialmente filtrados,الموارد المحتمل تسربها,Sumber Daya Berpotensi Bocor,
OrphanedResourcesList,Label,孤立したリソース一覧,Orphaned Resources List,孤立资源列表,孤立資源列表,고립된 리소스 목록,Lista de recursos huérfanos,قائمة الموارد اليتيمة,Daftar Sumber Daya Yatim,
KeyHeader,Header,キー,Key,键,鍵,키,Clave,مفتاح,Kunci,
TypeHeader,Header,タイプ,Type,类型,類型,유형,Tipo,نوع,Tipe,
AgeHeader,Header,経過時間,Age,时长,時長,경과 시간,Edad,عمر,Usia,
SizeHeader,Header,サイズ,Size,大小,大小,크기,Tamaño,حجم,Ukuran,
StackTraceHeader,Header,スタックトレース,Stack Trace,堆栈跟踪,堆疊追蹤,스택 트레이스,Seguimiento de pila,تتبع المكدس,Stack Trace,
CreatedAtHeader,Header,作成日時,Created At,创建时间,建立時間,생성 일시,Creado en,أنشئ في,Dibuat Pada,
ResourceLimits,Settings section header for size limits,リソース制限,Resource Limits,资源限制,資源限制,리소스 제한,Límites de recursos,حدود الموارد,Batas Sumber Daya,
ResourceLimitTitle,MessageBox title for limit warnings,リソース制限,Resource Limit,资源限制,資源限制,리소스 제한,Límite de recursos,حد الموارد,Batas Sumber Daya,
ComplexityLimits,Settings section header for complexity,モデル複雑度制限,Model Complexity Limits,模型复杂度限制,模型複雜度限制,모델 복잡도 제한,Límites de complejidad,حدود التعقيد,Batas Kompleksitas Model,
MaxFileSizeMB,Max file size label,最大ファイルサイズ,Max File Size,最大文件大小,最大檔案大小,최대 파일 크기,Tamaño máximo de archivo,الحد الأقصى لحجم الملف,Ukuran File Maksimum,
MaxGpuMemoryPerModelMB,Max GPU memory per model label,モデルあたりの最大GPUメモリ,Max GPU Memory per Model,每个模型最大GPU内存,每個模型最大GPU記憶體,모델당 최대 GPU 메모리,Memoria GPU máx. por modelo,الحد الأقصى لذاكرة GPU لكل نموذج,Memori GPU Maks. per Model,
MaxTotalGpuMemoryMB,Max total GPU memory label,最大合計GPUメモリ,Max Total GPU Memory,最大总GPU内存,最大總GPU記憶體,최대 총 GPU 메모리,Memoria GPU total máxima,إجمالي ذاكرة GPU القصوى,Total Memori GPU Maksimum,
MaxVertices,Max vertex count label,最大頂点数,Max Vertices,最大顶点数,最大頂點數,최대 정점 수,Máx. vértices,الحد الأقصى للرؤوس,Maks. Vertex,
MaxIndices,Max index count label,最大インデックス数,Max Indices,最大索引数,最大索引數,최대 인덱스 수,Máx. índices,الحد الأقصى للفهارس,Maks. Indeks,
MaxParts,Max part count label,最大パート数,Max Parts,最大部件数,最大部件數,최대 파트 수,Máx. partes,الحد الأقصى للأجزاء,Maks. Bagian,
FileSizeExceeded,Error: file too large. {0}=filename {1}=actualMB {2}=limitMB,"{0} のファイルサイズ ({1} MB) が制限 ({2} MB) を超えています。モデル設定で制限値を変更できます。","{0} file size ({1} MB) exceeds the limit ({2} MB). You can change the limit in Model Settings.","文件 {0} 的大小 ({1} MB) 超过了限制 ({2} MB)。您可以在模型设置中更改限制。","檔案 {0} 的大小 ({1} MB) 超過了限制 ({2} MB)。您可以在模型設定中變更限制。","파일 {0}의 크기 ({1} MB)가 제한 ({2} MB)을 초과합니다. 모델 설정에서 제한을 변경할 수 있습니다.","El archivo {0} ({1} MB) supera el límite ({2} MB). Puede cambiar el límite en Configuración del modelo.","حجم الملف {0} ‏({1} ميجابايت) يتجاوز الحد ({2} ميجابايت). يمكنك تغيير الحد في إعدادات النموذج.","Ukuran file {0} ({1} MB) melebihi batas ({2} MB). Anda dapat mengubah batas di Pengaturan Model.",
GpuMemoryExceeded,Error: GPU memory exceeded. {0}=filename {1}=actualMB {2}=limitMB,"{0} のGPUメモリ使用量 ({1} MB) が制限 ({2} MB) を超えています。モデル設定で制限値を変更できます。","{0} GPU memory usage ({1} MB) exceeds the limit ({2} MB). You can change the limit in Model Settings.","文件 {0} 的GPU内存使用 ({1} MB) 超过了限制 ({2} MB)。您可以在模型设置中更改限制。","檔案 {0} 的GPU記憶體使用 ({1} MB) 超過了限制 ({2} MB)。您可以在模型設定中變更限制。","파일 {0}의 GPU 메모리 사용량 ({1} MB)이 제한 ({2} MB)을 초과합니다. 모델 설정에서 제한을 변경할 수 있습니다.","El uso de memoria GPU de {0} ({1} MB) supera el límite ({2} MB). Puede cambiar el límite en Configuración del modelo.","استخدام ذاكرة GPU للملف {0} ‏({1} ميجابايت) يتجاوز الحد ({2} ميجابايت). يمكنك تغيير الحد في إعدادات النموذج.","Penggunaan memori GPU {0} ({1} MB) melebihi batas ({2} MB). Anda dapat mengubah batas di Pengaturan Model.",
VertexCountExceeded,Error: too many vertices. {0}=filename {1}=actual {2}=limit,"{0} の頂点数 ({1}) が制限 ({2}) を超えています。モデル設定で制限値を変更できます。","{0} vertex count ({1}) exceeds the limit ({2}). You can change the limit in Model Settings.","文件 {0} 的顶点数 ({1}) 超过了限制 ({2})。您可以在模型设置中更改限制。","檔案 {0} 的頂點數 ({1}) 超過了限制 ({2})。您可以在模型設定中變更限制。","파일 {0}의 정점 수 ({1})가 제한 ({2})을 초과합니다. 모델 설정에서 제한을 변경할 수 있습니다.","El archivo {0} tiene {1} vértices, superando el límite de {2}. Puede cambiar el límite en Configuración del modelo.","عدد رؤوس الملف {0} ‏({1}) يتجاوز الحد ({2}). يمكنك تغيير الحد في إعدادات النموذج.","Jumlah vertex file {0} ({1}) melebihi batas ({2}). Anda dapat mengubah batas di Pengaturan Model.",
IndexCountExceeded,Error: too many indices. {0}=filename {1}=actual {2}=limit,"{0} のインデックス数 ({1}) が制限 ({2}) を超えています。モデル設定で制限値を変更できます。","{0} index count ({1}) exceeds the limit ({2}). You can change the limit in Model Settings.","文件 {0} 的索引数 ({1}) 超过了限制 ({2})。您可以在模型设置中更改限制。","檔案 {0} 的索引數 ({1}) 超過了限制 ({2})。您可以在模型設定中變更限制。","파일 {0}의 인덱스 수 ({1})가 제한 ({2})을 초과합니다. 모델 설정에서 제한을 변경할 수 있습니다.","El archivo {0} tiene {1} índices, superando el límite de {2}. Puede cambiar el límite en Configuración del modelo.","عدد فهارس الملف {0} ‏({1}) يتجاوز الحد ({2}). يمكنك تغيير الحد في إعدادات النموذج.","Jumlah indeks file {0} ({1}) melebihi batas ({2}). Anda dapat mengubah batas di Pengaturan Model.",
PartCountExceeded,Error: too many parts. {0}=filename {1}=actual {2}=limit,"{0} のパート数 ({1}) が制限 ({2}) を超えています。モデル設定で制限値を変更できます。","{0} part count ({1}) exceeds the limit ({2}). You can change the limit in Model Settings.","文件 {0} 的部件数 ({1}) 超过了限制 ({2})。您可以在模型设置中更改限制。","檔案 {0} 的部件數 ({1}) 超過了限制 ({2})。您可以在模型設定中變更限制。","파일 {0}의 파트 수 ({1})가 제한 ({2})을 초과합니다. 모델 설정에서 제한을 변경할 수 있습니다.","El archivo {0} tiene {1} partes, superando el límite de {2}. Puede cambiar el límite en Configuración del modelo.","عدد أجزاء الملف {0} ‏({1}) يتجاوز الحد ({2}). يمكنك تغيير الحد في إعدادات النموذج.","Jumlah bagian file {0} ({1}) melebihi batas ({2}). Anda dapat mengubah batas di Pengaturan Model.",
SandboxBlocked,Error: sandbox blocked file access. {0}=filepath,"{0} へのアクセスがサンドボックスによりブロックされました。モデル設定で許可ディレクトリを追加してください。","Access to {0} was blocked by sandbox. Please add an allowed directory in Model Settings.","沙箱阻止了对 {0} 的访问。请在模型设置中添加允许的目录。","沙箱阻止了對 {0} 的存取。請在模型設定中新增允許的目錄。","샌드박스에 의해 {0}에 대한 접근이 차단되었습니다. 모델 설정에서 허용 디렉토리를 추가하세요.","El sandbox bloqueó el acceso a {0}. Agregue un directorio permitido en Configuración del modelo.","تم حظر الوصول إلى {0} بواسطة وضع الحماية. يرجى إضافة دليل مسموح به في إعدادات النموذج.","Akses ke {0} diblokir oleh sandbox. Silakan tambahkan direktori yang diizinkan di Pengaturan Model.",
ResetValue,Reset value,値をリセット,Reset value,重置值,重設值,값 초기화,Restablecer valor,إعادة تعيين القيمة,Atur ulang nilai,
ResetResourceLimits,Reset resource limits,リソース制限をリセット,Reset resource limits,重置资源限制,重設資源限制,리소스 제한 초기화,Restablecer límites de recursos,إعادة تعيين حدود الموارد,Atur ulang batas sumber daya,
ResetComplexityLimits,Reset complexity limits,複雑度制限をリセット,Reset complexity limits,重置复杂性限制,重設複雜性限制,복잡성 제한 초기화,Restablecer límites de complejidad,إعادة تعيين حدود التعقيد,Atur ulang batas kompleksitas,
ResetAuditSettings,Reset audit settings,監査設定をリセット,Reset audit settings,重置审核设置,重設審核設定,감사 설정 초기화,Restablecer configuración de auditoría,إعادة تعيين إعدادات التدقيق,Atur ulang pengaturan audit,
Title_LoadError,Title for texture loading error dialogs,テクスチャ読み込みエラー,Texture Load Error,纹理加载错误,紋理載入錯誤,텍스처 로드 오류,Error de Carga de Textura,خطأ في تحميل الملمس,Kesalahan Memuat Tekstur,
Error_DdsInvalidMagic,DDS magic number is incorrect,DDSファイルが無効です (Magic Number 不正),Invalid DDS file (Incorrect Magic Number),DDS文件无效（幻数错误）,無效的DDS檔案（Magic Number 不正確）,유효하지 않은 DDS 파일 (매직 넘버 오류),Archivo DDS inválido (Número mágico incorrecto),ملف DDS غير صالح (رقم سحري غير صحيح),File DDS tidak valid (Nomor Magic salah),
Error_DdsInvalidHeaderSize,DDS header size is incorrect,DDSヘッダーサイズが不正です,Invalid DDS header size,DDS标头大小不正确,DDS標頭大小不正確,DDS 헤더 크기가 잘못되었습니다,Tamaño de encabezado DDS incorrecto,حجم رأس DDS غير صحيح,Ukuran header DDS salah,
Error_DdsCompressedNotSupported,Specific compressed DDS format is not supported,圧縮DDS形式はCPUデコードでサポートされていません: {0},Compressed DDS format not supported for CPU decoding: {0},不支持CPU解码的压缩DDS格式：{0},不支援CPU解碼的壓縮DDS格式：{0},CPU 디코딩에 지원되지 않는 압축 DDS 형식: {0},Formato DDS comprimido no compatible para decodificación CPU: {0},تنسيق DDS المضغوط غير مدعوم لفك تشفير وحدة المعالجة المركزية: {0},Format DDS terkompresi tidak didukung untuk decoding CPU: {0},
Error_DdsFormatNotSupported,Generic DDS format unsupported,このDDS形式はサポートされていません (RGB/RGBAのみ),Unsupported DDS format (Only RGB/RGBA),不支持的DDS格式（仅RGB/RGBA）,不支援的DDS格式（僅RGB/RGBA）,지원되지 않는 DDS 형식 (RGB/RGBA 만 해당),Formato DDS no compatible (Solo RGB/RGBA),تنسيق DDS غير مدعوم (RGB/RGBA فقط),Format DDS tidak didukung (Hanya RGB/RGBA),
Error_DdsBitDepthNotSupported,DDS bit depth is not 24 or 32,DDSビット深度がサポートされていません (24/32bitのみ),Unsupported DDS bit depth (Only 24/32-bit),不支持的DDS位深度（仅24/32位）,不支援的DDS位元深度（僅24/32位元）,지원되지 않는 DDS 비트 심도 (24/32 비트 만 해당),Profundidad de bits DDS no compatible (Solo 24/32-bit),عمق بت DDS غير مدعوم (فقط 24/32 بت),Kedalaman bit DDS tidak didukung (Hanya 24/32-bit),
Error_DdsDataReadFailed,Generic failure reading DDS pixel data,DDSピクセルデータの読み込みに失敗しました,Failed to read DDS pixel data,读取DDS像素数据失败,讀取DDS像素數據失敗,DDS 픽셀 데이터를 읽지 못했습니다,Error al leer datos de píxeles DDS,فشل في قراءة بيانات بكسل DDS,Gagal membaca data piksel DDS,
Error_PsdInvalidSignature,PSD signature is incorrect,PSDファイルが無効です (Signature 不正),Invalid PSD file (Incorrect Signature),PSD文件无效（签名错误）,無效的PSD檔案（簽名不正確）,유효하지 않은 PSD 파일 (서명 오류),Archivo PSD inválido (Firma incorrecta),ملف PSD غير صالح (توقيع غير صحيح),File PSD tidak valid (Tanda tangan salah),
Error_PsdVersionNotSupported,PSD version is not 1,PSDバージョンがサポートされていません (Version 1のみ),Unsupported PSD version (Only Version 1),不支持的PSD版本（仅版本1）,不支援的PSD版本（僅版本1）,지원되지 않는 PSD 버전 (버전 1 만 해당),Versión PSD no compatible (Solo Versión 1),إصدار PSD غير مدعوم (الإصدار 1 فقط),Versi PSD tidak didukung (Hanya Versi 1),
Error_PsdColorModeNotSupported,PSD color mode is not RGB,PSDカラーモードがサポートされていません (RGBのみ),Unsupported PSD color mode (Only RGB),不支持的PSD颜色模式（仅RGB）,不支援的PSD顏色模式（僅RGB）,지원되지 않는 PSD 색상 모드 (RGB 만 해당),Modo de color PSD no compatible (Solo RGB),وضع ألوان PSD غير مدعوم (RGB فقط),Mode warna PSD tidak didukung (Hanya RGB),
Error_PsdBitDepthNotSupported,PSD bit depth is not 8,PSDビット深度がサポートされていません (8bitのみ),Unsupported PSD bit depth (Only 8-bit),不支持的PSD位深度（仅8位）,不支援的PSD位元深度（僅8位元）,지원되지 않는 PSD 비트 심도 (8 비트 만 해당),Profundidad de bits PSD no compatible (Solo 8-bit),عمق بت PSD غير مدعوم (8 بت فقط),Kedalaman bit PSD tidak didukung (Hanya 8-bit),
Error_PsdInsufficientChannels,PSD has fewer than 3 channels,PSDチャンネル数が不足しています (3以上必須),Insufficient PSD channels (Minimum 3),PSD通道不足（至少3个）,PSD通道不足（至少3個）,PSD 채널 부족 (최소 3 개),Canales PSD insuficientes (Mínimo 3),قنوات PSD غير كافية (الحد الأدنى 3),Saluran PSD tidak cukup (Minimal 3),
Error_PsdCompressionNotSupported,PSD compression is neither Raw nor RLE,PSD圧縮形式がサポートされていません,Unsupported PSD compression format,不支持的PSD压缩格式,不支援的PSD壓縮格式,지원되지 않는 PSD 압축 형식,Formato de compresión PSD no compatible,تنسيق ضغط PSD غير مدعوم,Format kompresi PSD tidak didukung,
Error_DimensionsInvalid,Dimensions are zero or negative,画像サイズが無効です,Invalid image dimensions,图像尺寸无效,圖像尺寸無效,이미지 크기가 잘못되었습니다,Dimensiones de imagen no válidas,أبعاد الصورة غير صالحة,Dimensi gambar tidak valid,
Error_DimensionsTooLarge,Dimensions exceed memory limits,画像サイズが大きすぎて読み込めません,Image dimensions too large for memory,图像尺寸过大，无法加载,圖像尺寸過大，無法載入,이미지 크기가 너무 커서 로드할 수 없습니다,Dimensiones de imagen demasiado grandes para la memoria,أبعاد الصورة كبيرة جدًا بالنسبة للذاكرة,Dimensi gambar terlalu besar untuk memori,
Dashboard,Dashboard section header,リソースダッシュボード,Resource Dashboard,资源仪表盘,資源儀表板,리소스 대시보드,Panel de recursos,لوحة الموارد,Dasbor Sumber Daya,
EstimatedMemoryMB,Estimated memory usage label,推定メモリ使用量 (MB):,Estimated Memory (MB):,估计内存使用量 (MB):,估計記憶體使用量 (MB):,예상 메모리 사용량 (MB):,Memoria estimada (MB):,:الذاكرة المقدرة (ميجابايت),Estimasi Memori (MB):,
GpuCacheEntries,GPU cache entry count label,GPUキャッシュエントリ数:,GPU Cache Entries:,GPU缓存条目数:,GPU快取條目數:,GPU 캐시 항목 수:,Entradas de caché GPU:,:إدخالات ذاكرة التخزين المؤقت GPU,Entri Cache GPU:,
TotalGpuMemoryMB,Total GPU cache memory label,GPUキャッシュ合計 (MB):,GPU Cache Total (MB):,GPU缓存总量 (MB):,GPU快取總量 (MB):,GPU 캐시 합계 (MB):,Total caché GPU (MB):,:إجمالي ذاكرة التخزين المؤقت GPU (ميجابايت),Total Cache GPU (MB):,
LastUpdated,Last updated timestamp label,最終更新:,Last Updated:,最后更新:,最後更新:,마지막 업데이트:,Última actualización:,:آخر تحديث,Terakhir Diperbarui:,
MemoryGraph,Memory graph section header,メモリ推移グラフ,Memory Usage Graph,内存使用图表,記憶體使用圖表,메모리 사용 그래프,Gráfico de memoria,رسم بياني للذاكرة,Grafik Penggunaan Memori,
TrackerMemory,Graph legend - tracker memory,トラッカー (MB),Tracker (MB),跟踪器 (MB),追蹤器 (MB),트래커 (MB),Rastreador (MB),(المتتبع (ميجابايت,Pelacak (MB),
GpuCacheMemory,Graph legend - GPU cache memory,GPUキャッシュ (MB),GPU Cache (MB),GPU缓存 (MB),GPU快取 (MB),GPU 캐시 (MB),Caché GPU (MB),(ذاكرة التخزين المؤقت GPU (ميجابايت,Cache GPU (MB),
ResourceActions,Resource actions section header,リソース操作,Resource Actions,资源操作,資源操作,리소스 작업,Acciones de recursos,إجراءات الموارد,Tindakan Sumber Daya,
ClearGpuCache,Clear GPU cache button,GPUキャッシュクリア,Clear GPU Cache,清除GPU缓存,清除GPU快取,GPU 캐시 지우기,Limpiar caché GPU,مسح ذاكرة التخزين المؤقت GPU,Bersihkan Cache GPU,
ForceDisposeLeak,Force dispose leaked resources button,リーク強制解放,Force Dispose Leaked,强制释放泄漏,強制釋放洩漏,누출 강제 해제,Forzar liberación de fugas,فرض التخلص من التسريبات,Paksa Buang Kebocoran,
ResetAllResources,Reset all resources button,全リソースリセット,Reset All Resources,重置所有资源,重置所有資源,모든 리소스 재설정,Restablecer todos los recursos,إعادة تعيين جميع الموارد,Reset Semua Sumber Daya,
CopyToClipboard,Copy to clipboard tooltip,クリップボードにコピー,Copy to Clipboard,复制到剪贴板,複製到剪貼簿,클립보드에 복사,Copiar al portapapeles,نسخ إلى الحافظة,Salin ke Papan Klip,
CopiedToClipboard,Copied confirmation message,コピーしました,Copied to clipboard,已复制到剪贴板,已複製到剪貼簿,클립보드에 복사됨,Copiado al portapapeles,تم النسخ إلى الحافظة,Disalin ke papan klip,
GpuCacheManagement,GPU cache management section header,GPUキャッシュ管理,GPU Cache Management,GPU缓存管理,GPU快取管理,GPU 캐시 관리,Gestión de caché GPU,إدارة ذاكرة التخزين المؤقت GPU,Manajemen Cache GPU,
GpuCacheFileHeader,DataGrid header - file name,ファイル,File,文件,檔案,파일,Archivo,ملف,File,
GpuCacheMemoryHeader,DataGrid header - GPU memory,GPU メモリ (MB),GPU Memory (MB),GPU内存 (MB),GPU記憶體 (MB),GPU 메모리 (MB),Memoria GPU (MB),(ذاكرة GPU (ميجابايت,Memori GPU (MB),
GpuCachePartsHeader,DataGrid header - parts count,パーツ数,Parts,部件数,部件數,파트 수,Partes,أجزاء,Bagian,
RemoveSelected,Remove selected item button,選択を削除,Remove Selected,删除选中,刪除選中,선택 항목 삭제,Eliminar seleccionado,إزالة المحدد,Hapus Terpilih,
ClearAll,Clear all items button,すべてクリア,Clear All,清除全部,清除全部,전체 지우기,Limpiar todo,مسح الكل,Bersihkan Semua,
ConfirmClearGpuCache,Confirmation for clearing GPU cache,GPUキャッシュを全てクリアしますか？モデルの再読み込みが必要になります。,Clear all GPU cache? Models will need to be reloaded.,清除所有GPU缓存？需要重新加载模型。,清除所有GPU快取？需要重新載入模型。,모든 GPU 캐시를 지우시겠습니까? 모델을 다시 로드해야 합니다.,¿Limpiar toda la caché GPU? Los modelos deberán recargarse.,مسح كل ذاكرة التخزين المؤقت GPU؟ سيحتاج إعادة تحميل النماذج.,Bersihkan semua cache GPU? Model perlu dimuat ulang.,
ConfirmResetAll,Confirmation for resetting all resources,全リソースをリセットしますか？GPUキャッシュ、プール、リークリソースが解放されます。,Reset all resources? GPU cache; pools; and leaked resources will be released.,重置所有资源？GPU缓存、池和泄漏资源将被释放。,重置所有資源？GPU快取、池和洩漏資源將被釋放。,모든 리소스를 재설정하시겠습니까? GPU 캐시; 풀 및 누출된 리소스가 해제됩니다.,¿Restablecer todos los recursos? La caché GPU; pools y recursos filtrados serán liberados.,إعادة تعيين جميع الموارد؟ سيتم تحرير ذاكرة التخزين المؤقت GPU والتجمعات والموارد المسربة.,Reset semua sumber daya? Cache GPU; pool; dan sumber daya bocor akan dirilis.,
ConfirmTitle,Confirmation dialog title,確認,Confirmation,确认,確認,확인,Confirmación,تأكيد,Konfirmasi,
DisposedCount,Resource disposed count message. {0}=count,{0} 件のリソースを解放しました。,{0} resource(s) disposed.,已释放 {0} 个资源。,已釋放 {0} 個資源。,{0} 개의 리소스가 해제되었습니다.,{0} recurso(s) liberado(s).,تم التخلص من {0} مورد(موارد).,{0} sumber daya dibuang.,
RefreshGpuCache,Refresh GPU cache list tooltip,GPUキャッシュ一覧を更新,Refresh GPU Cache List,刷新GPU缓存列表,重新整理GPU快取列表,GPU 캐시 목록 새로고침,Actualizar lista de caché GPU,تحديث قائمة ذاكرة التخزين المؤقت GPU,Segarkan Daftar Cache GPU,
D3DResourceReleaseDelay,Setting Label,リソース解放遅延 (秒),Resource Release Delay (sec),资源释放延迟 (秒),資源釋放延遲 (秒),리소스 해제 지연 (초),Retardo de liberación de recursos (seg),تأخير تحرير الموارد (ثانية),Penundaan Rilis Sumber Daya (detik),
D3DResourceReleaseDelay_Desc,Setting Description,使用されなくなったGPUリソースを解放するまでの待機時間を設定します。,Sets the delay time before releasing unused GPU resources.,设置释放未使用的GPU资源之前的延迟时间。,設定釋放未使用的GPU資源之前的延遲時間。,사용하지 않는 GPU 리소스를 해제하기 전의 지연 시간을 설정합니다.,Establece el tiempo de retardo antes de liberar los recursos de GPU no utilizados.,يحدد وقت التأخير قبل تحرير موارد GPU غير المستخدمة.,Mengatur waktu penundaan sebelum melepaskan sumber daya GPU yang tidak digunakan.,
Material_Texture,Setting Label,テクスチャ,Texture,纹理,紋理,텍스처,Textura,الملمس,Tekstur,
Group_Texture,Group Title,テクスチャ,Texture,纹理,紋理,텍스처,Textura,الملمس,Tekstur,
Image_File,Setting Label,画像ファイル,Image File,Image File,Image File,Image File,Image File,Image File,Image File,
CacheManagement,Cache Management,キャッシュ管理,Cache Management,缓存管理,快取管理,캐시 관리,Gestión de caché,إدارة ذاكرة التخزين المؤقت,Manajemen Cache,
CacheLocation,Cache Location,場所,Location,位置,位置,위치,Ubicación,موقع,Lokasi,
CacheSize,Cache Size,サイズ,Size,大小,大小,크기,Tamaño,حجم,Ukuran,
CacheSplit,Cache Split,分割,Split,分割,分割,분할,Dividir,انقسام,Terbagi,
CacheLastAccess,Last Access,最終アクセス,Last Access,最后访问,最後存取,마지막 액세스,Último acceso,آخر وصول,Akses Terakhir,
CleanUpCache,Clean Up Cache,クリーンアップ,Clean Up,清理,清理,정리,Limpiar,تنظيف,Bersihkan,
RemoveCache,Remove Cache,削除,Remove,删除,刪除,삭제,Eliminar,إزالة,Hapus,
MoveCache,Move Cache,移動,Move,移动,移動,이동,Mover,نقل,Pindah,
ConfirmDeleteCache,Confirm Delete Cache,本当に削除しますか？,Delete?,真的要删除吗？,真的要刪除嗎？,정말 삭제하시겠습니까?,¿Eliminar?,هل تريد الحذف حقًا؟,Hapus?,
ConfirmCleanUpCache,Confirm Clean Up Cache,存在しないモデルのキャッシュを全て削除しますか？,Delete all orphaned caches?,删除所有孤立缓存？,刪除所有孤立快取？,모든 고아 캐시를 삭제하시겠습니까?,¿Eliminar todos los cachés huérfanos?,هل تريد حذف جميع ذاكرة التخزين المؤقت اليتيمة؟,Hapus semua cache yatim?,
CacheIndexCorrupted,Cache Index Corrupted,キャッシュインデックスが破損しています。再構築します。,Cache index corrupted. Rebuilding.,缓存索引已损坏。正在重建。,快取索引已損壞。正在重建。,캐시 인덱스가 손상되었습니다. 다시 작성 중입니다.,Índice de caché dañado. Reconstruyendo.,فهرس ذاكرة التخزين المؤقت تالف. إعادة البناء.,Indeks cache rusak. Membangun ulang.,
SplitCacheEnabled,Split Cache Enabled,分割キャッシュ有効,Split Cache Enabled,启用分割缓存,啟用分割快取,분할 캐시 활성화,Caché dividido habilitado,تم تمكين ذاكرة التخزين المؤقت المقسمة,Split Cache Diaktifkan,
OptimizeHdd,Optimize for HDD,HDD向け最適化,Optimize for HDD,针对HDD优化,針對HDD最佳化,HDD 최적화,Optimizar para HDD,تحسين لمحركات الأقراص الصلبة,Optimalkan untuk HDD,
RefreshDiskCache,Refresh Disk Cache,キャッシュ更新,Refresh Disk Cache,刷新磁盘缓存,刷新磁碟快取,디스크 캐시 새로고침,Actualizar caché de disco,تحديث ذاكرة التTخزين المؤقت GPU,Segarkan Daftar Cache GPU,
CacheTypeHddSplit,HDD (Split),HDD (分割),HDD (Split),HDD (分割),HDD (分割),HDD (분할),HDD (Dividido),HDD (مقسم),HDD (Terbagi),
CacheTypeSsdSingle,SSD (Single),SSD (単一),SSD (Single),SSD (单一),SSD (單一),SSD (단일),SSD (Único),SSD (مفرد),SSD (Tunggal),
RelocateCache,UI Label,キャッシュの移動,Relocate Cache,移动缓存,移動快取,캐시 이동,Reubicar caché,نقل ذاكرة التخزين المؤقت,Pindahkan Cache,
OldPath,UI Label,現在のパスPrefix,Current Path Prefix,当前路径前缀,目前路徑前綴,현재 경로 접두사,Prefijo de ruta actual,بادئة المسار الحالي,Awalan Jalur Saat Ini,
NewPath,UI Label,新しいパスPrefix,New Path Prefix,新路径前缀,新路徑前綴,새 경로 접두사,Nuevo prefijo de ruta,بادئة مسار جديد,Awalan Jalur Baru,
ConfirmMoveCache,Message,キャッシュのパスを移動しますか？\nインデックス内のパスが更新されます。\n移動元に物理フォルダが存在する場合、それも移動されます。\n(対象: OldPathで始まるエントリ),Are you sure you want to relocate cache paths?\nPaths in the index will be updated.\nIf the physical folder exists at the source, it will also be moved.\n(Target: Entries starting with OldPath),确定要重新定位缓存路径吗？\n索引中的路径将被更新。\n如果源位置存在物理文件夹，它也将被移动。\n（目标：以OldPath开头的条目）,確定要重新定位快取路徑嗎？\n索引中的路徑將被更新。\n如果來源位置存在實體資料夾，它是也將被移動。\n（目標：以 OldPath 開頭的項目）,캐시 경로를 재배치하시겠습니까?\n인덱스의 경로가 업데이트됩니다.\n원본 위치에 물리적 폴더가 있는 경우 해당 폴더도 이동됩니다.\n(대상: OldPath로 시작하는 항목),¿Está seguro de que desea reubicar las rutas de caché?\nLas rutas en el índice se actualizarán.\nSi existe la carpeta física en el origen, también se moverá.\n(Objetivo: Entradas que comienzan con OldPath),هل أنت متأكد من أنك تريد نقل مسارات التخزين المؤقت؟\nسيتم تحديث المسارات الموجودة في الفهرس.\nإذا كان المجلد الفعلي موجودًا في المصدر، فسيتم نقله أيضًا.\n(الهدف: الإدخالات التي تبدأ بـ OldPath),Apakah Anda yakin ingin memindahkan jalur cache?\nJalur dalam indeks akan diperbarui.\nJika folder fisik ada di sumber, folder tersebut juga akan dipindahkan.\n(Target: Entri dimulai dengan OldPath),
MoveCacheComplete,Message,移動が完了しました。,Relocation completed.,搬迁完成。,搬遷完成。,이전이 완료되었습니다。,Reubicación completada.,تم النقل بنجاح.,Relokasi selesai.,
Convert,UI Button,変換,Convert,转换,轉換,변환,Convertir,تحويل,Ubah,
ConvertCacheDesc,Tooltip,キャッシュ形式を変換します (HDD⇔SSD),Convert cache format (HDD⇔SSD),转换缓存格式 (HDD⇔SSD),轉換快取格式 (HDD⇔SSD),캐시 형식 변환 (HDD⇔SSD),Convertir formato de caché (HDD⇔SSD),تحويل تنسيق ذاكرة التخزين المؤقت (HDD⇔SSD),Ubah format cache (HDD⇔SSD),
MovePhysicalFailed,Error,物理フォルダの移動に失敗しました。アクセス権限や重複を確認してください。\n(キャッシュ移動処理は継続されます),Failed to move physical folder. Check permissions or duplicates.\n(Cache relocation functionality continues),无法移动物理文件夹。请检查权限或重复项。\n（缓存重新定位功能将继续）,無法移動實體資料夾。請檢查權限或重複項目。\n（快取重新定位功能將繼續）,물리적 폴더를 이동하지 못했습니다. 액세스 권한이나 중복을 확인하십시오.\n(캐시 재배치 기능은 계속됩니다),Error al mover la carpeta física. Compruebe los permisos o duplicados.\n(La funcionalidad de reubicación de caché continúa),فشل في نقل المجلد الفعلي. تحقق من الأذونات أو التكرارات.\n(ستستمر وظيفة إعادة تحديد موقع ذاكرة التخزين المؤقت),Gagal memindahkan folder fisik. Periksa izin atau duplikat.\n(Fungsi relokasi cache berlanjut),
ErrorTitle,Message Box Title,エラー,Error,错误,錯誤,오류,Error,خطأ,Kesalahan,
CacheIndexDeserializationFailed,Warning,キャッシュインデックスの読み込みに失敗しました。インデックスを再構築します。,Failed to load cache index. Rebuilding index.,缓存索引加载失败。正在重建索引。,快取索引載入失敗。正在重建索引。,캐시 인덱스 로드 실패. 인덱스를 다시 작성합니다.,Error al cargar el índice de caché. Reconstruyendo el índice.,فشل تحميل فهرس ذاكرة التخزين المؤقت. إعادة بناء الفهرس.,Gagal memuat indeks cache. Membangun ulang indeks.,
CacheDeleteFailed,Warning,キャッシュの削除に失敗しました: {0},Failed to delete cache: {0},删除缓存失败: {0},刪除快取失敗: {0},캐시 삭제 실패: {0},Error al eliminar la caché: {0},فشل حذف ذاكرة التخزين المؤقت: {0},Gagal menghapus cache: {0},
CacheCleanUpFailed,Warning,キャッシュのクリーンアップ中にエラーが発生しました: {0},Error during cache cleanup: {0},缓存清理时出错: {0},快取清理時發生錯誤: {0},캐시 정리 중 오류 발생: {0},Error durante la limpieza de la caché: {0},خطأ أثناء تنظيف ذاكرة التخزين المؤقت: {0},Terjadi kesalahan saat membersihkan cache: {0},
CacheMoveFailed,Warning,キャッシュの移動に失敗しました: {0},Failed to move cache: {0},移动缓存失败: {0},移動快取失敗: {0},캐시 이동 실패: {0},Error al mover la caché: {0},فشل نقل ذاكرة التخزين المؤقت: {0},Gagal memindahkan cache: {0},
CacheMoveRollbackFailed,Warning,キャッシュ移動のロールバックに失敗しました: {0},Failed to rollback cache move: {0},缓存移动回滚失败: {0},快取移動回滾失敗: {0},캐시 이동 롤백 실패: {0},Error al revertir la reubicación de la caché: {0},فشل التراجع عن نقل ذاكرة التخزين المؤقت: {0},Gagal membatalkan pemindahan cache: {0},
CacheConvertFailed,Warning,キャッシュの変換に失敗しました: {0},Failed to convert cache: {0},缓存转换失败: {0},快取轉換失敗: {0},캐시 변환 실패: {0},Error al convertir la caché: {0},فشل تحويل ذاكرة التخزين المؤقت: {0},Gagal mengubah cache: {0},
CacheEntryLimitReached,Warning,キャッシュエントリが上限 ({0}) に達したため、古いエントリを削除しました。,Cache entry limit ({0}) reached. Old entries have been removed.,缓存条目达到上限 ({0})，已删除旧条目。,快取條目達到上限 ({0})，已刪除舊條目。,캐시 항목이 제한 ({0})에 도달하여 오래된 항목을 삭제했습니다.,Límite de entradas de caché ({0}) alcanzado. Se eliminaron las entradas antiguas.,وصلت إدخالات ذاكرة التخزين المؤقت إلى الحد الأقصى ({0}). تم حذف الإدخالات القديمة.,Batas entri cache ({0}) tercapai. Entri lama telah dihapus.,
DiskTypeDetectionFailed,Warning,ディスクタイプの検出に失敗しました: {0},Failed to detect disk type: {0},磁盘类型检测失败: {0},磁碟類型檢測失敗: {0},디스크 유형 감지 실패: {0},Error al detectar el tipo de disco: {0},فشل اكتشاف نوع القرص: {0},Gagal mendeteksi jenis disk: {0},
InitializationFailed,Warning,初期化に失敗しました: {0},Initialization failed: {0},初始化失败: {0},初始化失敗: {0},초기화 실패: {0},Error de inicialización: {0},فشل التهيئة: {0},Inisialisasi gagal: {0},